order_id,product_name,quantity_sold,price_per_unit,order_date
bf66b59f-9b70-46c4-87df-683caf8fb875,usb cable,7.0,25.76,02/16/2025
4aa422fa-364e-42f9-9a7a-24b1b2687309,usb cable,8.0,14.94,03/28/2025
d409cf68-74c3-42c7-877c-15402db6d17e,Smartphone,3.0,925.35,04/27/2025
56371680-21ed-4c6d-b627-fc65dc42744c,Laptop,4.0,1230.33,09/20/2024
3ec41ef6-cced-416e-8ad7-3178c856c20c,,,292.07,04/29/2025
0f7a7bb0-d9c6-4eee-b8ba-337067969ef0,Smartphone,7.0,745.29,02/25/2025
cc130cba-e5a9-4080-b8b6-a5174d30d871,printer,2.0,389.02,07/13/2024
b14998fc-33df-4910-9693-1fe3f963a3b9,tablet,10.0,810.94,06/27/2024
ca55e765-d859-49ca-90ed-632598cee4be,printer,10.0,,10/21/2024
802776e4-8d31-4fe3-bb64-ae587bc87848,usb cable,3.0,18.65,03/05/2025
01f2d46d-2128-4107-94f5-acc56f1314bb,usb cable,1.0,17.3,10/23/2024
fb80a0db-c60f-4ad5-90ad-a913418efefe,external hard drive,3.0,148.35,11/12/2024
f5ef9340-fe64-4f88-b466-f2ab6312cad9,tablet,5.0,426.09,07/20/2024
73f7df0e-16ed-40bc-ab87-024b3e36125d,printer,3.0,143.37,03/16/2025
1bff27fe-07a4-4f37-878b-387834c641ee,usb cable,4.0,28.51,08/09/2024
cf139f48-6235-42c6-86e0-3e4701ec9f73,Keyboard,6.0,169.81,09/13/2024
c534dc36-3d91-4c5e-bd16-8415eaa555be,Headphones,1.0,65.08,08/13/2024
bc2d3966-81b8-4a46-a27f-85064ae1693c,usb cable,9.0,27.58,05/05/2024
9dbc6ac8-f7ae-4e27-b11a-53f44cabde18,printer,9.0,377.82,
5233bd31-9357-4d72-95f5-01247ed5b31e,Keyboard,9.0,120.46,01/07/2025
88b0f082-8031-497a-96c5-2d180d51659d,Headphones,3.0,137.03,11/21/2024
abde8460-8357-4884-a51b-18629c4caa27,Headphones,5.0,223.96,
c7274966-4da9-4300-80b2-e04002ff32df,Monitor,5.0,573.25,
4aaedb95-da5a-47d2-8c83-8b373213f813,Laptop,7.0,1326.66,01/24/2025
3c02fe9d-6a96-4c7e-a5e3-ea9470edaa75,Mouse,1.0,86.01,10/07/2024
49169aaf-89a2-4f74-af7e-a427e55d1787,Monitor,1.0,698.27,06/09/2024
34f2f65f-692e-46e7-a04e-42203e6963db,usb cable,3.0,11.61,12/11/2024
0d2464c8-3d34-4918-86ac-dd0e5ba46d12,tablet,7.0,520.79,04/29/2024
5da17292-f4f0-414c-954a-4397e5d76a48,printer,1.0,185.25,01/23/2025
,printer,1.0,126.02,11/25/2024
b1e46cdb-9a98-49c3-97e9-62254481f823,Mouse,5.0,33.82,12/05/2024
a0568d78-a9eb-42b1-a6f5-0008e0c25b4f,usb cable,6.0,,05/24/2024
ad95a180-0d06-45c4-adc9-a091d74958e6,printer,2.0,296.29,09/26/2024
ab870480-43f1-40e8-b16b-3c99e384d9c0,Mouse,10.0,68.4,10/12/2024
3527e2ff-90fc-472e-9d63-604801d800a0,usb cable,2.0,29.3,05/02/2024
b620a629-05f2-4851-87df-9d2572a197a8,Keyboard,1.0,181.43,05/08/2024
fa486d6a-f089-41fb-ab49-fb7776f04013,Laptop,6.0,1150.47,12/19/2024
f52ccf46-64eb-4a7b-be04-7c4f386690c4,usb cable,5.0,23.98,12/16/2024
,external hard drive,1.0,184.02,01/11/2025
e9527590-5608-4f4d-aec7-9a1ff854f967,usb cable,3.0,17.83,09/18/2024
163a96d6-0006-423a-bf6e-8318313ab908,Laptop,6.0,1387.32,12/18/2024
919ee69b-3eb4-4908-abf4-756d35e43a79,Smartphone,8.0,,12/21/2024
c326676d-f20c-4494-95f1-f8cc5989e62c,Mouse,10.0,86.83,01/12/2025
e3c6d199-bd64-441c-8374-89d8678f84cf,Smartphone,6.0,1122.96,11/03/2024
e7506042-155d-45a6-bdd5-07e506aadb7b,usb cable,9.0,14.3,12/12/2024
2e2a8ced-662b-4efc-bdd4-6bebdd43d845,usb cable,8.0,18.56,01/30/2025
56acac9d-bca9-4042-adcd-9d01de765d2a,Keyboard,,188.4,11/22/2024
01755f25-bacc-49cb-b68f-38572d56e465,tablet,6.0,803.87,02/06/2025
da3c994d-3119-4527-96b0-a0f51ed1b472,Keyboard,6.0,52.94,11/01/2024
a6b87559-6444-4fc1-a06c-0259596dfcf5,Keyboard,4.0,92.59,05/06/2024
4d41c724-8d89-4213-9c84-b39be4dfebfa,Headphones,5.0,261.16,04/01/2025
9e4753f4-4748-4ffb-be3a-7cafbf1e2671,Mouse,9.0,51.15,04/21/2025
4254dbb4-d25e-4041-82be-1e86053be4b6,external hard drive,8.0,268.56,08/29/2024
69e884ba-8ece-4c56-ab21-c6d2b1118351,,6.0,171.36,04/17/2025
f90df8e7-3175-484f-bd79-cfe6ef20b875,usb cable,1.0,18.12,10/22/2024
10a7013e-ae10-409d-ad74-6aa6366da56a,Monitor,6.0,395.5,08/02/2024
85543d6e-26aa-4d0c-94d0-55db7643940e,external hard drive,1.0,144.29,08/23/2024
99d4b896-6c97-43d8-9ea0-eb970b10e6c8,Keyboard,6.0,131.71,10/29/2024
f5104e14-66e9-484a-903e-141cf0095000,Headphones,,267.6,07/15/2024
9df86fcd-b97a-4b8b-b746-eb37debb1f01,Mouse,9.0,30.3,10/15/2024
a03a9122-b295-4498-b13d-1153ed1df033,Mouse,1.0,60.71,02/09/2025
d9351252-756c-4a2a-a683-f224d74c0b0e,printer,3.0,345.58,05/14/2024
f9012311-ecd2-464c-a114-4a13e354d9a1,external hard drive,6.0,138.83,10/25/2024
8c457601-263e-4a34-890d-13dfb2f1d6bf,Headphones,4.0,175.74,12/08/2024
b35b6b4c-7814-4bad-8bf4-b6a14b2e6249,external hard drive,,158.56,12/19/2024
6c45ab5f-898d-43f6-9c2a-a714394f97e3,Keyboard,10.0,182.3,11/14/2024
38fef657-5df2-4118-8d91-d1134298bf24,Laptop,2.0,1714.05,01/09/2025
cd796530-9493-42ef-8a17-a2a88f24a8bf,Mouse,3.0,91.53,11/04/2024
f33ffa02-fe26-48df-9521-8481009e7505,tablet,6.0,371.16,
56fd0986-cf62-49df-bcc8-7c300abd7b55,Headphones,2.0,332.46,07/05/2024
fc76e951-cf12-48b0-b417-740d1c35f165,usb cable,2.0,12.85,09/22/2024
fb084616-23eb-44d6-8cf7-fcc71b6eab1b,tablet,3.0,,04/01/2025
c6ff6481-b134-4bd3-9cd1-c5ad43d4223e,Smartphone,2.0,534.17,01/14/2025
948fe9ca-93a1-4fd9-85a2-e3c2741adb9f,Smartphone,,475.78,04/07/2025
186e3944-d9cc-45c2-a5fb-c02629c96af2,external hard drive,10.0,217.58,09/08/2024
2a03c546-a71b-4799-aa87-0f7a84861e1e,printer,3.0,281.22,08/13/2024
80fe1234-4c37-4625-89ee-5ca3b2854d22,Keyboard,4.0,38.55,02/05/2025
b87c6bd1-d11d-470e-9850-bad71e505511,Headphones,,61.48,10/03/2024
12e765de-3e87-4a13-bbd0-9713e2f392ba,printer,1.0,278.26,07/22/2024
8ed6b32f-77f5-4563-a8b6-d91b9faf292f,external hard drive,5.0,299.53,12/05/2024
6b535945-c0e0-4ebb-b4d2-8faeb1dbdb7a,Monitor,10.0,616.13,05/30/2024
510f01ba-c36e-4b5a-920e-8192817c9269,Laptop,10.0,1536.87,06/18/2024
dc25b338-5a67-426d-b7c3-6c26637f24eb,external hard drive,10.0,184.68,
262d206b-4290-44a1-81c5-415e14b865eb,Laptop,3.0,1729.83,11/24/2024
,,1.0,27.12,05/08/2024
dab42f13-f7d3-435c-97cb-4b1ba9a685fa,Mouse,7.0,84.01,12/18/2024
,Smartphone,2.0,1091.98,
66b48160-02f3-4d93-9d14-7a32fd30bfb8,Headphones,5.0,78.92,03/01/2025
8bbb1c1c-86fb-428a-b5ff-fc4f8333c47e,Mouse,10.0,18.87,04/03/2025
b1eade7d-e8a9-458d-bb6a-4c3e2c1cb557,Monitor,4.0,464.47,02/28/2025
,usb cable,5.0,27.84,05/03/2024
1a068b4c-388a-4fc1-b5ec-fdb4ffd27cfe,Monitor,7.0,475.37,03/08/2025
37a5cbeb-c63a-429b-be3b-1c347cdb16a2,usb cable,9.0,13.58,08/10/2024
f734f50f-bc35-4fcc-9820-e73f8a8e62d2,usb cable,9.0,11.96,11/07/2024
b1e5e946-80d9-4e3a-9fe3-9b4b4d640283,Mouse,,78.13,02/09/2025
5470f841-a82e-475d-bb0c-706c9f5d2313,usb cable,10.0,16.83,03/31/2025
a2d25ce3-d2f4-42c8-8fc5-0cafca4e0f86,Mouse,7.0,89.68,10/25/2024
ce24dbc5-1e17-447a-896d-6f91ab759170,Laptop,3.0,1749.11,04/24/2025
e2c06e5e-d80f-4c2a-b768-72d72c469806,Keyboard,1.0,189.43,03/20/2025
dbcbe5a3-5c33-4f36-9319-86c5a6644e22,Mouse,10.0,72.87,02/20/2025
9fc90f27-39c8-48bd-a4e5-8dfe5241d86a,Headphones,2.0,168.19,07/04/2024
4d987acc-981b-43ef-a4ec-5601a51c83c5,,3.0,150.65,03/21/2025
0c8301aa-880f-4bb8-ae2c-eb3e27cc1f88,Monitor,5.0,241.65,07/11/2024
1f04eed0-8e15-44d4-bc60-358d1b899a30,printer,6.0,158.68,10/08/2024
53c5e2d0-6dad-41ff-9c48-c04fbabe7bed,Smartphone,10.0,1151.13,
798a906e-4389-4fa9-9e07-c30f815bcd5d,printer,9.0,181.68,10/20/2024
eebfe3f2-d048-4355-964a-ee27f8518b71,Headphones,,125.13,05/20/2024
267e8b3f-3538-438c-8feb-eb9006149bc6,printer,,141.61,01/18/2025
b85539d6-1f20-4aca-9ec4-e2674d35c8e2,Monitor,1.0,402.97,09/11/2024
4e5c3641-de7d-4c68-b840-bbcc43d80805,,2.0,1732.64,10/29/2024
a2fedf53-2050-413e-9e59-7907026251b7,Mouse,5.0,16.75,04/10/2025
6061dcd5-249b-4f7c-9e2b-fe206afe8df0,Keyboard,1.0,59.66,05/24/2024
5a0225c8-e950-41c9-a9f7-4858ed97499a,Monitor,9.0,427.46,09/16/2024
c465af71-b4e3-453a-abb7-3b344f582465,tablet,10.0,889.76,08/17/2024
292e5585-0330-48b4-85c7-80c393880e8e,Headphones,,216.51,03/07/2025
1b6d4c5b-4cb1-4315-a978-040319c52c53,external hard drive,10.0,142.65,04/01/2025
3769e483-d1a1-42e9-ace6-0a727ca82467,external hard drive,4.0,143.55,03/31/2025
,Keyboard,7.0,160.34,03/18/2025
7b5a895a-090c-4bb5-85a9-18bbfb35bb68,Smartphone,9.0,854.34,01/07/2025
cfd69bc9-591f-45be-add2-32ab2d2e919a,Monitor,7.0,691.05,04/14/2025
139eaea1-aece-4932-bddf-9a9b71cc7d8d,Laptop,3.0,1499.99,12/19/2024
,Mouse,7.0,46.54,04/10/2025
747a3add-b473-46b2-ac64-a550f2e35846,Monitor,5.0,340.61,03/06/2025
5ce07933-d6ff-4115-9271-51db7ed7c7d6,,3.0,347.08,02/24/2025
bdc2bf5d-d6bc-4f34-9edf-b1ed33dd8271,Keyboard,,73.03,11/29/2024
9a3db869-671c-411c-bddd-a6d01ba8d4e8,printer,10.0,362.47,04/16/2025
e7279f7d-67a4-42b6-a105-e01e610bf017,Monitor,7.0,652.66,03/23/2025
dafe9de9-b509-4d63-898a-32a1ae0b0cc3,usb cable,7.0,19.34,02/08/2025
da4ac50a-44b2-4649-b369-fd5f69dc1768,external hard drive,2.0,201.1,10/06/2024
b7909e3e-b589-4bcb-8c5a-56181a490bd2,Monitor,8.0,304.86,04/04/2025
0f813d59-b8e2-47b2-9648-80aeee74b311,Monitor,2.0,276.75,03/22/2025
7e2d357b-2b35-4524-8709-d97c4b1dc6e7,Keyboard,1.0,169.66,05/21/2024
e79e62c5-2bec-4ed4-8558-61590bae312d,printer,3.0,181.16,08/06/2024
4648e88c-6fc5-4d34-8e61-1b2c18bb1485,Mouse,2.0,98.01,01/20/2025
f7cb245a-41cd-477a-9756-e3e69fe22d5d,Mouse,5.0,34.64,03/14/2025
5cf69e10-acb2-4ae6-950c-a7392d06bb49,external hard drive,10.0,151.81,02/26/2025
a1b851e8-137e-4226-b98c-9cd86e459780,Keyboard,6.0,104.95,09/16/2024
9f6a1d4c-e7dd-402a-8d67-e2335aec3d05,Laptop,5.0,1366.11,09/04/2024
d394c154-1014-4ed6-b42a-22fa470d8e5a,external hard drive,3.0,296.45,04/08/2025
7ca61d14-fb09-4e4e-a8d5-1ddb32a15ec6,,2.0,137.78,05/05/2024
11785a17-e772-4787-8545-a6c79ba450ef,tablet,4.0,640.26,02/03/2025
af8d3acd-f30d-462e-b396-730442c370c8,Smartphone,2.0,923.34,02/13/2025
1961eea0-9872-414d-a18b-83fb6544fc12,Mouse,1.0,33.5,01/23/2025
7c2dff57-7d18-40a0-b133-a9f7d5d6e5ca,printer,4.0,161.45,08/09/2024
bef11cc7-a1a3-4628-9b21-f3cd3ea9bffa,printer,7.0,112.48,08/14/2024
b50b8480-b89e-4108-a49a-e7596fb53a8c,tablet,4.0,251.36,04/13/2025
9beee126-5221-44b6-bd29-2ed8a6fe6b67,Keyboard,8.0,185.87,10/09/2024
ec3758a2-3678-47d4-8404-227a63c965ca,Mouse,7.0,50.55,12/05/2024
ccd7a3e4-9aa5-4409-8b7b-383be9d82cd2,Laptop,8.0,1957.95,09/13/2024
8e47c1bd-c9b9-4b61-af0a-cd5600e17eb2,external hard drive,7.0,264.94,04/08/2025
345b0eb0-e478-422d-8e91-a25d8832369c,Headphones,3.0,284.78,08/24/2024
66abc1c7-3512-4278-925e-1a16c3717ae8,Keyboard,8.0,90.66,11/26/2024
3975058c-2519-4bd0-b7c7-177fcf3de3be,,9.0,1211.66,09/06/2024
4bec8aab-ec7a-4520-b7ed-b2ad0dfcaf6b,Laptop,6.0,1448.18,04/29/2024
9e948fcf-cee6-4e1c-947e-997f30f70c1e,Keyboard,10.0,103.96,02/06/2025
79e1d056-939f-49df-b91e-02ae6ab78cf2,Monitor,10.0,535.29,
7846e355-5796-49b6-b7b9-e63d8b479766,external hard drive,1.0,93.81,03/14/2025
a1105d87-2a81-4407-96d4-03a16f845d0d,tablet,10.0,283.89,02/25/2025
f70d7d12-8cee-40b7-8609-bc9a853799d5,Smartphone,,1137.11,08/21/2024
c102b160-55ea-4955-b93f-821e48f122b1,printer,,173.98,07/29/2024
00e7d8b5-e16e-45c9-904a-5c3fb4ba3df8,printer,8.0,140.03,11/17/2024
cdf99bd8-d23a-4cc5-9490-b66f17db7110,Smartphone,7.0,851.21,08/27/2024
8f52e6a5-ee1d-49fe-8b61-f6eb8986ccf4,Headphones,2.0,147.64,06/13/2024
13dd7dd8-d093-4f0e-a728-ffae4f187dbb,Monitor,1.0,639.08,09/04/2024
ef921081-4383-4bed-935b-e79a442d44c5,external hard drive,1.0,172.42,02/16/2025
ca3b5a88-cfb9-473d-ab91-46a222dad784,Laptop,3.0,1172.34,09/25/2024
17434fdf-9bcd-44fb-8038-36f0b21e1941,external hard drive,7.0,167.43,05/16/2024
c45fa3ef-9c5d-4e94-80cd-ec61fe10f5a6,printer,7.0,267.43,02/17/2025
75c55fd2-996e-4722-9841-2d513d37d08e,Smartphone,1.0,680.6,10/25/2024
3d86f7e0-0630-49d4-8dd7-1e79fa7a40bf,Monitor,2.0,519.89,11/24/2024
acf3f783-97ca-40b5-bb25-9eb29df9434a,Keyboard,6.0,67.42,09/03/2024
a616de88-ad98-469a-a7ad-9288ee934d71,printer,,211.53,03/14/2025
c743ef6a-fd3e-461f-89f9-ed6c96ca4035,,3.0,975.25,05/07/2024
69804bae-dcc6-41d5-87ce-bf62a8d20964,Smartphone,8.0,798.34,
f8b5faa9-e409-41f6-bdf2-722234436905,Mouse,4.0,51.66,10/18/2024
c103300f-0b8f-4b46-9de3-fbd207363919,Smartphone,,1088.19,06/28/2024
883556f4-9d2d-4709-bedb-6db1479769f6,usb cable,10.0,28.5,01/19/2025
af0fe582-7b38-4f34-8b03-4f7af6519b4c,printer,9.0,231.25,03/11/2025
8dbed015-d3b4-409f-adb9-03f17cb38ad0,Mouse,7.0,45.12,05/07/2024
,Headphones,2.0,170.65,07/29/2024
4555e5dd-42a3-4f3a-8e1a-fef7f82d924a,tablet,2.0,482.51,11/17/2024
4ad97481-8f25-4d2e-bb51-39aa0e47505b,Smartphone,3.0,377.55,09/10/2024
06af928c-e591-4520-bcf1-8bb529fae187,Headphones,1.0,88.28,10/27/2024
40433eb2-c14b-49b7-a48e-b3a66237d983,printer,9.0,300.62,10/28/2024
6f998c63-b414-44d7-91c2-409cd4027c0b,external hard drive,4.0,197.57,11/04/2024
011c8d9e-68b9-46d9-8bf6-273e2a9755f7,tablet,10.0,349.27,11/13/2024
6ef828ca-cafa-4169-80a8-b6292d12c52e,,2.0,296.02,11/27/2024
f8e91840-d9b8-4afa-ad1a-42023df9cf4f,,8.0,165.31,09/22/2024
113a1cdd-0b55-4f9d-9742-57c22dc6f326,Monitor,2.0,485.37,04/02/2025
d12d5f2e-0d89-44d6-968a-9e74204ef7d8,Smartphone,5.0,1074.89,04/19/2025
001c7178-e074-4001-a985-a74d2e1f2d18,,,,02/20/2025
0b05cdcc-79ff-43e6-96c6-e5d92f11d4a5,Laptop,9.0,1156.7,12/27/2024
24ea0936-05bd-49c2-b509-fa9ba8a7f6f5,external hard drive,10.0,273.91,04/10/2025
0c4b7afa-d12d-4e18-9c2e-4083ce548ee2,Keyboard,7.0,57.68,04/30/2024
d7e758e8-71e7-41cd-a1dc-ebddb3ca1d0b,external hard drive,2.0,145.21,11/05/2024
11724ddb-41b4-452e-9d77-74e7beb7e7c9,external hard drive,3.0,197.22,08/23/2024
6d55f368-6f77-4d23-9a6c-3ccadeb472b0,tablet,6.0,759.17,04/16/2025
a2ca65e9-961f-46ed-99cd-b2d2428d3975,Mouse,7.0,93.23,11/17/2024
c602d809-995e-4ca1-9f37-f1c9e69ecf9e,usb cable,1.0,16.88,03/07/2025
254a2269-9eae-49dd-b68c-3fdbeab78d53,Monitor,6.0,311.86,10/17/2024
3362006b-6e5b-4bfd-8d9b-28d47cec2c3a,usb cable,5.0,18.19,11/30/2024
dc7c940e-b28a-43bc-8702-f51c3395e248,Laptop,8.0,874.04,08/09/2024
,external hard drive,2.0,68.79,07/07/2024
2886adc3-7bda-4d54-92c3-535437b596ae,Laptop,4.0,951.04,05/17/2024
37289b94-f535-4d32-95b9-f40f28965161,Monitor,9.0,334.49,02/14/2025
4bdd85a7-f7c9-4ace-8807-e9fb5fd1e45d,usb cable,8.0,20.87,08/24/2024
44a058f1-d317-4c10-8f3b-a53e3c0f79c8,external hard drive,2.0,77.02,07/17/2024
1511df70-42c2-4214-be4d-aff4f68acf80,Monitor,6.0,324.31,04/19/2025
f63f6081-35f4-46f0-95a5-21405d927774,Mouse,7.0,78.29,08/26/2024
28672c01-1477-497c-85a9-c3c387dee1e6,Monitor,6.0,513.27,11/24/2024
c2c93c3e-5df0-49d6-a003-8a0785313104,printer,7.0,341.84,12/21/2024
9a6d3eeb-e3a1-481d-8c6c-989811406cda,usb cable,3.0,18.51,06/24/2024
412f630d-b56f-45af-a5ae-0d7374fe2123,tablet,10.0,,12/19/2024
ceca52b9-5bc4-419f-8c11-b54c4feb3bc1,Mouse,9.0,30.94,11/27/2024
00f8f0c9-22cd-4276-8df8-2cecea1201c9,Smartphone,4.0,474.86,11/30/2024
09638eda-acb2-434f-8347-ce75aad0f4f5,Headphones,3.0,85.74,05/03/2024
5749c8bc-6fc5-41d4-97b2-c1c62aa72626,Monitor,5.0,165.28,02/25/2025
d4f5b98f-5d9f-403b-a768-675ecdaff25a,tablet,4.0,694.95,06/27/2024
a39cc9b7-5cf5-4c2a-8844-cb2c916157fa,tablet,9.0,305.21,05/09/2024
7b62fc9b-68a8-45f5-91f5-d8bd8034efbb,Laptop,3.0,1643.55,11/18/2024
339c5e8a-19a1-4c85-b766-422fdcc57a71,Mouse,10.0,55.58,08/07/2024
e5481216-d9b6-4ef1-aee5-5db185951820,,10.0,,11/03/2024
11f0e7a8-59ce-4c24-92dd-2a4f8981564a,external hard drive,8.0,148.21,11/22/2024
cb49dd3f-be8d-458d-9221-30a4f1dede68,tablet,4.0,410.08,04/02/2025
333d9072-8f62-40e5-85b8-5874ceff91ab,external hard drive,5.0,,
8f98a899-a25c-4d90-b3a9-d74358845b8f,Smartphone,4.0,669.18,09/24/2024
4cbd7df6-3539-4652-bfb0-0967ff91697c,usb cable,4.0,26.04,02/22/2025
38c5a5ce-6ea6-4952-9878-13bf2f3ca192,,3.0,204.81,04/26/2025
27009ef7-84bb-4452-9ce7-a4df1c9a6eb9,usb cable,8.0,21.89,11/25/2024
f68b230f-fde8-4c73-b2f5-e4fe7d427eef,tablet,8.0,281.83,02/14/2025
dcd45d9a-eb24-41ca-bddc-61211dadcc62,usb cable,3.0,12.28,12/13/2024
be16be64-275e-4630-ace0-c1540c52391e,Monitor,1.0,467.75,02/09/2025
4e37a26e-50cb-415a-9730-19578183bf03,printer,5.0,305.09,04/09/2025
,Mouse,2.0,98.47,10/27/2024
55668999-4b8a-4b39-a318-10898c43559b,Laptop,4.0,1932.62,10/26/2024
d053db3b-6f93-4bd6-b7d1-8102cad1b8af,Headphones,8.0,186.11,09/23/2024
06491d0e-1ffe-4a72-9a41-94a27fc61ec9,usb cable,1.0,19.55,09/27/2024
e9561118-1808-421a-84cc-e39240421be1,tablet,7.0,707.35,08/11/2024
88ddb18a-8d84-428f-b036-524b0db30503,Keyboard,1.0,193.67,
33da4d65-e093-42b3-bba3-1faabb4acb8d,Monitor,2.0,605.01,10/11/2024
eecf8dce-c3f5-4df1-ab41-c478a3c76203,,7.0,649.57,04/28/2025
2c868523-46f8-4a87-9ff6-b8a952bd9b8a,printer,,374.61,09/05/2024
192e9a82-ef1e-4c3b-9847-7478e1e8004a,Mouse,2.0,57.21,08/06/2024
e2cf45e5-1fdb-445d-82c8-5e0b25cbc0ac,Laptop,6.0,883.66,07/27/2024
4bcc65b3-c9e2-41b9-a0f7-34d7ea29acec,external hard drive,1.0,,09/17/2024
e6be447a-a911-4d03-a2b3-2cc7febd08b0,Smartphone,6.0,427.51,03/21/2025
243b0e8e-ccb7-4447-a721-2c19d1ce7fe2,printer,3.0,185.68,01/18/2025
ad19f802-1751-49ac-9fab-bcf2e5244e98,Mouse,5.0,23.65,09/08/2024
a460ae85-358d-440c-a978-f1bd0c1e8f54,Monitor,6.0,303.38,05/20/2024
b2457617-17cb-426d-a858-11e20559e37c,Laptop,,1088.6,08/25/2024
46655b0e-0066-4c81-bd6d-a69717836312,Mouse,,66.85,10/20/2024
fd116d74-fce7-4f13-a40e-a593ea38a0f7,tablet,,215.77,05/30/2024
e780b099-313c-4131-8c80-5d8e03b75a62,Mouse,5.0,66.1,
515c8998-5b79-429e-83d7-c9fb1aa1ef47,printer,5.0,383.58,01/10/2025
6ddaa156-36dc-403e-8f89-bdb220bbefc0,Keyboard,3.0,109.35,06/04/2024
0b8b48ac-05bf-48d2-b6f7-1ecba5af5294,Keyboard,9.0,167.92,10/25/2024
79e575bd-5a9a-44e7-b978-31f85880b3b9,Smartphone,3.0,788.25,07/05/2024
79e8ad75-a8e6-4b1a-b678-940317433c28,Mouse,9.0,61.15,06/19/2024
89a7ec2d-04ea-43bd-9e1c-3e0ca5ad9018,Smartphone,,558.39,02/04/2025
46c26ae9-61b4-4314-ae8f-3a9789f8dc3b,Mouse,10.0,66.21,04/19/2025
20bba085-fe34-42e3-98cc-c38b73886296,Mouse,10.0,33.58,05/06/2024
f9716d51-b6bd-41b5-bc8f-be8dbb84faf2,Laptop,4.0,839.91,03/10/2025
,Laptop,3.0,897.52,
e65317dc-52f0-41f8-8ef7-a8a557010a6b,usb cable,3.0,24.77,06/13/2024
04f5d8e2-45ac-44a5-ac14-c035b075e0f2,Smartphone,9.0,,05/06/2024
31a057dc-88f9-4ff8-8b46-a6d461a005da,,4.0,436.78,
bb6f83fb-5ad2-489e-a874-722a834d799d,external hard drive,5.0,153.08,05/09/2024
4bbf3b2c-49b7-4da7-a608-ae40f80de575,Smartphone,2.0,379.2,12/15/2024
ee45bf9c-bdf2-44b0-a42e-212898fcb9f0,Smartphone,3.0,1117.35,10/21/2024
1e7768c7-971e-4776-8223-bbac096922f6,usb cable,3.0,21.14,07/01/2024
7312ec37-dc69-4092-b41e-52cd2bb24ee6,Keyboard,9.0,158.38,10/26/2024
86822551-c3ca-4331-baec-c5e5cd9bf986,printer,5.0,189.95,06/01/2024
33c269e0-b742-4f25-8663-2932ee6b31a0,,6.0,242.28,07/18/2024
85740b8b-ba89-4357-8221-5ee83092907e,Smartphone,10.0,562.6,11/12/2024
e1247ebb-9921-414b-8036-e2e79a82ebd0,Smartphone,1.0,1047.21,01/30/2025
5fd46253-27a4-44bb-9380-69d88e2161d4,Laptop,7.0,1284.07,10/21/2024
8adf807b-bcf9-49da-8a82-7580bc702b7b,tablet,5.0,314.72,01/22/2025
d96f66e7-b28d-45e5-8130-81715c496851,Keyboard,5.0,,08/26/2024
12bd881e-1ce0-4263-a42b-f7836f5b6ae0,Laptop,3.0,1203.4,
ca8925be-f559-4b70-bf21-b2f72f13c06a,printer,9.0,178.44,06/20/2024
35d3d259-7c21-4b16-86bf-60b230b9477d,Smartphone,10.0,766.09,12/27/2024
92d31c84-c63c-4a7b-a406-2cd5632fdb73,tablet,1.0,614.37,10/11/2024
e2b5a9b2-2d7d-4dba-869b-f4cf9c299403,Mouse,1.0,95.56,02/20/2025
c28ad1e5-8a05-4ff5-8efe-f342b90705bb,Mouse,3.0,34.24,07/02/2024
ab425ee5-7c64-425f-983e-53913b1bfca3,Keyboard,3.0,108.83,11/11/2024
46fec58c-ec4d-463e-be33-29bf79f68685,tablet,6.0,638.46,09/30/2024
a08c07b9-fe44-49dc-9864-85c38fef1508,usb cable,7.0,10.46,07/08/2024
fc2beeb6-82a6-461b-9b66-49b9de8f84e1,usb cable,6.0,17.74,09/12/2024
94a21263-2c7d-41b6-942c-3dc7edde2543,usb cable,1.0,24.15,05/25/2024
544780b6-01bf-4ff6-a2af-322252ce4d68,Laptop,1.0,1959.76,05/12/2024
fea63269-e4f6-4065-b06a-f43d3858c746,Monitor,10.0,291.44,10/02/2024
,usb cable,10.0,24.2,06/08/2024
6161fe1c-44b7-4ef0-bbce-eabad024af6d,Smartphone,6.0,977.93,06/27/2024
5eea63c2-e1d0-432f-b078-a6624dea0b93,usb cable,10.0,,06/11/2024
3a738969-5c4d-4504-936b-8c111837ad65,Mouse,2.0,47.76,09/08/2024
ba34b1ff-e271-4809-a760-9142bcc179bc,printer,4.0,387.21,09/04/2024
d0cc92bd-ef74-4a6d-a19d-ebcfe7754e00,Monitor,1.0,537.04,03/06/2025
d4ed891e-c286-437e-b505-cfc038303014,tablet,7.0,224.33,12/16/2024
23479980-4b48-4c56-8378-1aa2d1a8d2f3,,,519.77,08/01/2024
,external hard drive,4.0,93.17,03/29/2025
752a488a-c950-4da5-9d52-f46b627ff986,Mouse,2.0,29.09,05/12/2024
476bb3fe-0b8c-4dc2-84c8-c61dec4f7078,Headphones,,256.98,08/24/2024
6b58f8d9-131f-4d35-9a92-619bd922e8b3,Laptop,8.0,843.85,08/31/2024
4deab3af-5a69-4387-b459-8307ba431c8f,Keyboard,8.0,115.61,03/02/2025
5f7a4429-5c4a-4fb4-84de-7132192969cf,Headphones,6.0,225.71,05/08/2024
dbe27426-cc9e-496c-be91-d11fbd5dea4b,Laptop,5.0,1253.79,11/29/2024
1f4cb24e-cb26-4c7d-8d55-e4984d7c6dce,usb cable,9.0,29.25,06/17/2024
fc3d1e67-101b-4dad-8a45-b87e56ff294f,,9.0,385.93,08/01/2024
ffa6d7d9-8b96-462b-8a26-c465fbb63b54,external hard drive,8.0,143.95,12/03/2024
0db05489-5dbc-4b5d-9c82-c8d664ace29f,tablet,1.0,623.75,02/03/2025
b86e50f6-a10d-4445-b738-3a7b301fee53,Mouse,6.0,50.14,01/31/2025
bab06f56-6453-4643-b419-3f8d34a33ff7,tablet,5.0,652.92,03/17/2025
34dab1c3-e111-439f-a423-1cb8f732a495,Laptop,7.0,1425.83,11/27/2024
dd53976d-5d4d-490d-9cc5-8f993439cbd4,printer,1.0,324.15,08/20/2024
258c7bde-e945-4738-a78f-5817821fe405,Keyboard,5.0,184.45,04/26/2025
4b3ca07a-abd8-4ef8-abdb-1ebf8d36f85a,printer,4.0,258.66,11/26/2024
dff64756-572e-4b56-b60b-dc0d5cb79cc8,tablet,8.0,872.97,03/07/2025
7cea58a2-92e8-4721-aacf-2341487ee51b,printer,1.0,148.85,03/07/2025
c1c4b31f-ed5e-4b21-968f-fb9cba0e9f62,tablet,3.0,845.81,11/03/2024
dcba54a3-852b-46e7-a7aa-1fa6910560c1,usb cable,10.0,13.44,04/03/2025
3a26f3f5-9be6-4534-a95d-9151ca4a81c3,usb cable,7.0,29.49,10/06/2024
f39b09b2-063b-49e7-9638-f42c0146cc72,Monitor,1.0,191.8,11/12/2024
43056092-4b9f-4477-8984-ad2845d99e24,Headphones,,,01/13/2025
3101f984-8cf9-4a99-92fe-202e3f7b5bf9,usb cable,,26.76,10/05/2024
9c3cb2f6-1370-4f35-8618-526ca1ca951c,Monitor,9.0,351.93,05/06/2024
fd5c090f-38a3-40fa-bdcb-2f75bb7492a0,usb cable,2.0,26.02,09/10/2024
816f75a6-3162-4c95-ac5b-ba746a3d45ea,tablet,1.0,,
9a6ca097-f84d-4f71-8cab-6cd90ae3b9a1,external hard drive,7.0,154.26,01/13/2025
d5225bb4-4f89-42b3-b572-f5285869eb89,Mouse,3.0,30.75,06/06/2024
ed1d9837-73a4-406e-9776-05ff98db4ad2,Keyboard,6.0,75.45,08/02/2024
be635b1c-9fde-4eb4-845d-cc6c1007d2df,tablet,9.0,888.73,11/12/2024
42b4714c-4652-43db-a993-a0be8e6a92db,printer,4.0,231.92,08/11/2024
0da37749-c05d-4b1a-8c3e-96be3e25afca,Monitor,5.0,349.93,01/25/2025
88c96e63-d7d1-4ca2-9c11-fbf54431f5f0,external hard drive,2.0,100.43,01/12/2025
4600563d-085e-411e-bc5b-ed3cd601ca67,tablet,7.0,597.79,11/19/2024
08d46cdd-0913-43e6-ad49-a698a401f873,Mouse,,17.6,12/11/2024
a3caafe0-84db-4c47-9762-9490f321e2f7,Headphones,7.0,258.15,09/19/2024
b1798990-4f3f-4a49-b5d6-274229c1a174,Monitor,7.0,546.04,06/07/2024
,usb cable,1.0,21.53,01/14/2025
e04dcedc-ed17-4564-8c09-34ff8cfe7367,printer,10.0,306.44,03/01/2025
b48beb57-3327-4e6b-aab7-68768898fd7d,tablet,6.0,280.3,11/16/2024
06313dfe-96d0-4c02-85c7-9c7fe601ec88,Mouse,4.0,65.66,07/13/2024
c78b867d-3365-42c1-9707-6be2c2199d53,Smartphone,1.0,950.43,03/12/2025
05461851-8ec3-4d1b-acd6-f2d8f7dacf2b,Headphones,4.0,339.26,08/18/2024
,printer,7.0,324.1,04/28/2025
5d08ff7d-0c9f-4e46-879c-1e2ae9e6635e,Mouse,5.0,84.21,10/15/2024
dc937fab-33f8-4232-a801-39bd83ce75e0,external hard drive,3.0,287.33,09/01/2024
9eeeca97-586c-4650-84bd-3877edb56104,usb cable,1.0,11.8,03/06/2025
652ddcd6-607d-40df-baf2-20b7c2ef337c,,1.0,1381.84,07/06/2024
f3c314e2-7fee-4624-a830-92034d954b48,Mouse,3.0,66.76,
ed0e6eee-479e-48d3-8ef0-111b1e3d48d6,Headphones,10.0,159.27,07/11/2024
760267f1-e004-470d-815f-1c49d21353da,Laptop,8.0,1604.21,07/14/2024
5dcc1832-27b4-47ea-97d0-089a17691325,Monitor,10.0,267.6,01/02/2025
00e3954f-3407-4fdc-9f21-cd87c8e0ddb1,Headphones,7.0,56.88,10/20/2024
70635bea-1019-4da8-bb09-5aaf03757e95,Headphones,2.0,208.14,09/22/2024
17fc9670-b674-4e35-9ace-147c6edaaf30,usb cable,6.0,19.6,09/04/2024
030d21dd-d78e-49c6-b96e-472026790f16,external hard drive,5.0,268.55,06/09/2024
50195998-8a19-45e8-9912-4907907d3b0a,Headphones,,207.3,06/10/2024
2983ea40-61a5-4330-b2e4-6d5979a679f9,Headphones,8.0,149.72,12/28/2024
4d748bd1-eb14-402b-9a60-b4e7a4784699,Laptop,10.0,856.38,12/30/2024
b77e4220-b189-4011-95c6-e4547ceab8e0,Mouse,8.0,87.19,08/03/2024
0720a852-5494-4251-8d7e-706121160599,Monitor,,403.78,07/21/2024
59aee85e-d7b3-42e6-b5d3-b9e3e5658735,Smartphone,4.0,604.72,03/20/2025
1235eeda-8ceb-4d15-a3ac-732505c4c00a,Monitor,1.0,493.1,12/14/2024
84b19e0b-9f62-4b00-b7be-233a670e01be,usb cable,2.0,28.42,09/10/2024
fe8e5ef0-bf3b-48c0-8b7b-021ddf893e1a,Laptop,7.0,837.99,01/01/2025
33365334-8e98-4255-ad51-2b41f6d7b628,Mouse,2.0,49.2,10/08/2024
a30fa61d-71f0-42e1-b52f-a8b8fcf5404b,Monitor,7.0,638.3,05/09/2024
e3495b67-2a1e-4680-975a-4225b39346a5,Laptop,10.0,1790.85,02/27/2025
d72a96fa-fe00-474b-9d7d-ae0431225da6,Keyboard,6.0,95.33,03/15/2025
08185638-9a6a-49d6-8e94-88c5d776a453,Smartphone,7.0,450.6,04/01/2025
394f9147-989b-47a9-b8f5-60c1a3db8c69,Mouse,8.0,60.36,09/27/2024
5649734b-c460-40b6-8c09-2ea21fac7752,Monitor,2.0,267.95,
72cf83d4-f074-4cbb-9411-e392704ad3a2,printer,1.0,270.61,06/30/2024
5f5e0ea1-8b3d-4596-b665-632ab1d9d42e,Monitor,1.0,242.11,08/09/2024
9a7c8577-a032-4f1b-9746-877332c4a0e6,Smartphone,,801.83,08/07/2024
30d7baa2-f3cb-431f-a551-030354621188,tablet,3.0,543.78,07/31/2024
1fa587a8-3366-4a29-8b15-77c2c449c73f,Smartphone,8.0,1077.72,04/12/2025
0eb03cd8-d6a4-4f01-9cab-4746d8df8e5b,Mouse,1.0,98.45,08/26/2024
3dd363a1-b239-47ee-ae6b-bbe579e696ca,usb cable,8.0,18.11,01/06/2025
db797500-ff3a-4cc5-871b-0030fa43ef6b,printer,2.0,344.43,11/16/2024
2d4084e2-f0ad-41ed-9e25-d9058e3db257,Laptop,2.0,1465.03,05/14/2024
924dfc98-13a6-448d-aa49-953ad674d405,usb cable,10.0,17.7,04/05/2025
e251a32c-8a3c-4bb5-adff-89a6c7d2ec01,Monitor,2.0,355.29,12/13/2024
75959577-45a2-4c12-ad4d-9ef16fc8c8d2,Laptop,6.0,1391.5,03/21/2025
5d263a87-e5cb-4c6b-b53d-a2ec02e6d5b3,external hard drive,3.0,81.44,06/28/2024
bb498984-3908-4eb5-988a-7978e8f9cf84,usb cable,1.0,26.92,10/25/2024
eb4fba2b-e19a-43cc-8226-d484662b4c02,external hard drive,9.0,147.33,02/28/2025
c80f22a6-2d5a-4e3c-99a2-c6a1fbf4e907,external hard drive,10.0,65.08,12/09/2024
70f596a4-972b-4daf-9fb1-474c8bf6c7a4,Smartphone,1.0,399.07,05/23/2024
ba5e6b22-336a-4989-a9ad-f10f38c9d248,Smartphone,,591.83,03/21/2025
940b9ce4-2db0-465a-928f-26626cd7ebd1,Headphones,5.0,158.2,06/14/2024
75a1de74-8e29-4f02-bafe-8127e98fdf7e,Headphones,10.0,219.85,
87d18e49-f3f4-485c-87de-804f481fc96f,Smartphone,7.0,964.53,06/24/2024
54774404-306f-4341-913e-350038c9bd15,usb cable,7.0,24.24,05/10/2024
ec916e74-8cd2-4348-87fd-c774de72d4fa,tablet,2.0,595.98,04/22/2025
aa685310-f9e0-4894-a152-d3641fd0ebc8,Mouse,,32.52,04/12/2025
9b392c4a-17e5-472d-8e74-8655454f50ee,external hard drive,2.0,276.86,09/18/2024
f03ef3d9-b1d7-410a-825b-9fff1d02be84,Smartphone,10.0,1154.38,11/29/2024
c9ad5251-ac77-431c-a52e-ee302be3625d,printer,7.0,190.43,03/19/2025
a28a7355-d94b-408c-93fc-141cb39dc885,usb cable,4.0,12.61,10/21/2024
f68e53bd-85d7-470f-8896-d47cb6f26bcc,external hard drive,7.0,229.94,06/11/2024
01df10bc-2848-465e-91d1-5814aad0f618,external hard drive,7.0,162.53,07/31/2024
6c7af13e-b1ea-4133-9bca-030b3f6a203b,external hard drive,3.0,265.33,12/19/2024
93030936-6641-467f-8b0f-09ac6347ceef,Smartphone,1.0,935.23,03/15/2025
56f5cc84-5339-4c0f-8eef-96e13150cf3c,Mouse,9.0,93.74,09/11/2024
e3192392-4e8f-430c-a4ce-a30e7e06e522,Keyboard,6.0,152.48,02/22/2025
e10e5fa3-11b3-4d63-9cc6-d01197d0e633,Laptop,9.0,1976.72,01/18/2025
ccd6ceb6-c4e2-423d-82a5-1e6c0b87fb55,Headphones,8.0,184.32,09/08/2024
4b0503b7-8029-4758-b28d-d57b7dc2a3f6,tablet,5.0,897.22,04/29/2025
4d9d0d81-1b57-40f3-befd-126e7f8a4ae4,Laptop,3.0,1532.78,11/20/2024
e471dd21-8697-4fea-8b89-453fc2b25ed6,tablet,4.0,403.2,09/07/2024
7ae099af-8c3d-4dd1-8a0a-c3d2e5a4fc57,printer,8.0,323.41,10/29/2024
46dd9307-d5b1-48c2-9b07-82ead5c764aa,Monitor,9.0,646.83,12/06/2024
aaab38d5-c15f-4e81-abff-d4ada1074ea2,printer,1.0,175.86,
e7fad053-0674-475b-9f0b-aa67dff2b00b,printer,9.0,280.48,07/27/2024
18b95575-0d9a-49b4-8a7e-182c94a69e88,usb cable,1.0,16.21,04/23/2025
74d27a0c-9a09-441e-87ce-854abad9b33d,tablet,4.0,511.28,01/01/2025
0482442e-c24d-42c6-9e49-e295a142dfb0,Smartphone,6.0,535.34,05/31/2024
27f41281-a074-4f0f-affb-dc002b9d1fb6,Monitor,,400.51,03/09/2025
15ce2ab2-7872-442d-ad15-634bfb9c1048,Monitor,4.0,222.3,02/13/2025
670233dc-b1c6-4181-8363-45ac98d6be52,usb cable,7.0,18.97,05/19/2024
a231f06c-15cb-44e3-8f6f-a3fd89d47c00,usb cable,10.0,16.26,12/19/2024
c30105c4-06a2-4761-99e7-1610eb2b9975,tablet,5.0,609.73,05/11/2024
4456b763-2103-4b02-89ba-2b9cd751ac92,usb cable,6.0,19.71,05/18/2024
bb60e2eb-84ec-437e-b1f3-2f27cf38390b,Laptop,6.0,1922.07,11/23/2024
2449e284-2aff-45be-95a0-84617393e730,Monitor,5.0,242.56,10/27/2024
fbe02b2b-0f54-41a7-8dd5-15e6cecca2c9,,9.0,118.12,09/12/2024
49485461-79a6-4f23-93d9-9fcef06db586,tablet,5.0,396.19,08/24/2024
fbedbf46-984c-41f3-b9fb-aa41560965ee,usb cable,5.0,20.67,01/18/2025
,Mouse,8.0,70.64,12/31/2024
445c280b-da79-456e-92a7-56007bf56e0c,Mouse,2.0,50.47,09/18/2024
7c0383c9-c795-4c1d-8a80-bbc3977b18bd,Keyboard,9.0,,12/06/2024
aecdc9b4-11e6-4a5e-b012-3380307fef24,usb cable,8.0,11.98,
b26907e1-a519-4f27-932d-6b29c11bd3b8,usb cable,10.0,28.26,08/19/2024
10535404-06c5-4e34-b5bc-bed3b813ec2a,printer,6.0,248.01,04/22/2025
dd799c56-fbe5-4ad0-a666-71e99ebf3f24,tablet,3.0,531.67,10/08/2024
711cccc4-1e04-43ec-8bfb-adbb007c4c49,Keyboard,10.0,175.01,05/24/2024
92740152-9b51-4ae1-b181-58f6c03b2567,Keyboard,6.0,65.57,07/19/2024
440f70c7-37db-4f34-bced-c6207006232c,Smartphone,5.0,426.32,05/29/2024
1d94f38a-b4dc-47d8-ac7f-a724f577148b,tablet,5.0,420.85,05/09/2024
288f9f95-f92b-464d-86a9-39e8706f8108,,8.0,803.39,06/26/2024
705cdc49-1ab9-4050-9f34-ed1f51162690,Smartphone,4.0,546.43,01/11/2025
,Smartphone,6.0,625.79,12/27/2024
a41cda31-5121-49de-a7d8-0d28808ada97,Mouse,8.0,30.39,05/12/2024
34f0a899-480f-4084-8c08-0a9c890cc13c,,1.0,380.84,05/12/2024
41a40159-7b09-4e12-873b-eb7f50e0b3b0,Smartphone,1.0,886.7,07/10/2024
acbb9f1b-f44c-4582-9e30-792c131c2b67,printer,3.0,353.86,01/27/2025
a436175f-ce05-4f83-a7ab-995cd514d0f5,Headphones,2.0,100.91,04/15/2025
faeb53ab-5f31-461c-a925-04d61163ef79,usb cable,9.0,21.83,07/31/2024
d8f1ebf2-4be0-46ed-b12c-2b0e964e8d82,tablet,9.0,682.39,11/23/2024
ff35744b-d61c-45f7-96e1-613f4530fdf8,tablet,,324.92,10/15/2024
1b7d0e23-4a70-40ac-b48d-ac1c366577fb,external hard drive,7.0,,06/05/2024
25531347-1504-4b50-9d0d-1f50ea6b027e,tablet,7.0,308.43,08/29/2024
,Headphones,1.0,165.87,08/02/2024
9085d45c-5e19-4c70-9633-afb680fc255a,printer,7.0,183.9,01/16/2025
113b64d5-f98c-441a-bdc7-c0e5e8131410,Headphones,2.0,200.33,01/27/2025
e9d1caf4-2ef0-4938-b6b7-a406b052485a,external hard drive,9.0,,07/21/2024
8969503f-5c97-4e2f-9cae-f155c4c0da6a,,8.0,,08/09/2024
edd82145-2182-4694-97da-7ede5a3a4fb4,printer,1.0,392.66,09/30/2024
a7417b55-9d19-440a-9f0a-432352012ace,Smartphone,5.0,576.73,04/07/2025
60411932-ec9e-48ae-a3d3-f5a166cfb8b9,Keyboard,7.0,48.93,10/24/2024
14b3e1e1-71ab-40da-a5df-04c30c9dc3ff,tablet,4.0,280.36,03/11/2025
127e8036-64c6-4aed-b011-4c72b2dadaf3,Keyboard,3.0,66.2,10/24/2024
808289a6-eb07-4592-8993-d94078f911a2,Keyboard,5.0,161.41,03/22/2025
9bfa61dd-82ec-4e48-9913-e61ad88052c9,external hard drive,3.0,125.95,07/28/2024
130678e0-ab69-4dd1-a400-a0e506c02d76,Headphones,9.0,339.16,10/13/2024
33f98f5b-7a9c-459c-800a-e8f2108686de,tablet,2.0,608.04,07/29/2024
50e3830e-4383-402d-bbe6-0e5889053faf,Smartphone,,1212.68,
2134a0d3-0bfe-4133-866f-b3adee1e5f15,Monitor,4.0,567.53,08/10/2024
45a2385c-4609-439b-bfa2-f0a8bf25f68a,tablet,2.0,461.52,
8379798f-1f1b-4190-9c8d-459c6b0e7522,tablet,2.0,619.17,01/04/2025
bbda58ff-9ea8-4df3-9a32-220824c312c6,Laptop,6.0,,08/23/2024
cfb226a0-2493-4fa2-b600-9d63743e14e9,Headphones,2.0,235.82,02/23/2025
1a14cc85-f0ff-452b-9657-c395621ba672,printer,1.0,320.94,05/01/2024
b8a8d5a7-a6cf-406f-a7fa-ef5f9e7c9ff6,tablet,8.0,285.22,12/22/2024
6989e4d1-5f51-4ff7-b8b5-96e325187b6c,external hard drive,7.0,81.67,04/12/2025
3ca8b932-6f28-4493-81bc-92a22b9d4a41,external hard drive,8.0,276.63,10/21/2024
f8b48f65-d241-4024-b079-f36f185dcbaa,Laptop,10.0,1329.87,08/08/2024
3b5fea0f-242d-4c51-86e6-7a77d5cb004f,Headphones,2.0,79.13,04/30/2024
1b3d12bd-818d-4b3b-9fcd-0ce932fde70e,Keyboard,10.0,137.94,
c7ec013d-39b1-409c-a788-e7f0078290fc,Keyboard,9.0,157.51,12/19/2024
55993dfc-1cf4-40ab-95b3-bc8919986a64,usb cable,5.0,24.41,03/05/2025
25a63ad5-9cee-4b73-9ceb-4a2ecbc2db47,external hard drive,5.0,89.64,01/29/2025
6bd20db4-0b29-436f-adbb-6591443995a9,Monitor,10.0,539.57,03/08/2025
871268ca-3288-46dd-9907-2bd4e367c3d0,tablet,5.0,757.26,02/17/2025
c799caff-d05e-482b-901c-abe4a872d3de,Keyboard,9.0,48.36,09/17/2024
3721219a-ef7d-49d9-bf98-18aa3d76d1f2,Smartphone,9.0,667.51,04/07/2025
dd885a90-9344-4911-9401-f9018fde1b91,Mouse,8.0,60.9,04/11/2025
453df0fb-f5a0-4b7b-9a2c-c1240307bf73,external hard drive,1.0,159.11,04/05/2025
751205e1-9086-4fcc-8490-d472b0aaaf91,tablet,9.0,762.79,01/17/2025
,Smartphone,5.0,361.07,11/29/2024
,usb cable,2.0,28.8,06/26/2024
56dd95b1-9fc7-4013-b416-06c4a46db787,Laptop,,,08/12/2024
e2155cda-cec8-4caa-8989-ee1c80c66a9d,printer,1.0,321.35,03/27/2025
65b567ee-5c77-41f7-8f7f-1f338de063f0,Laptop,1.0,1319.5,01/18/2025
703b42c5-5151-497f-a0ec-71fc02f8ae50,external hard drive,6.0,107.69,10/27/2024
a983133b-c395-4d16-97d1-96fce479f164,Mouse,1.0,81.07,04/01/2025
b1bc6ca9-df68-43f2-b65e-e6222741a0f5,tablet,6.0,203.69,08/27/2024
efb8da0c-4218-4f37-9a5a-9f0d4e0dbaa0,Keyboard,5.0,141.09,09/19/2024
68899947-55d8-413a-b48a-64f5a52a5df4,Monitor,2.0,248.84,12/06/2024
7a42241c-7e72-4050-8046-10f5840700b0,Monitor,10.0,227.76,06/26/2024
75b6f368-dc4f-4e34-bad7-8c0d4c2fa341,printer,9.0,341.41,09/21/2024
d78f329e-83ab-4ca4-859d-3ccf6847b90e,Keyboard,5.0,163.85,10/27/2024
a74673b1-9925-4e2b-97b9-98ee155acab8,Smartphone,5.0,1005.75,05/11/2024
31103a4b-7146-4fa8-8c46-9c6fd946dcdc,Monitor,9.0,250.38,06/08/2024
cf11672d-6141-47c0-8933-13138ab01e02,Smartphone,10.0,399.44,09/27/2024
8c61c0aa-fd1a-4753-85b8-5ae2da9c0634,printer,5.0,386.94,08/03/2024
56b1a4c9-8e82-410f-a0c3-ef9962eb758d,printer,,274.28,
e8b8f2dd-00ec-4e3e-8d3e-6131d34731c4,Keyboard,5.0,183.98,05/12/2024
bd2cc810-4262-4a48-a744-6d7666a3e6c6,usb cable,10.0,10.38,11/06/2024
f862fb28-6e51-40a2-817e-2a6af8ec866a,printer,9.0,182.51,05/19/2024
de486f4e-fb87-4089-ae60-7456b23c7f27,tablet,,485.87,02/10/2025
13229a55-fd44-4785-8144-fc21ea01098e,external hard drive,8.0,67.15,01/10/2025
61900eca-051d-4c57-b039-f5710106702a,Mouse,5.0,56.07,06/06/2024
f5a1d790-14ca-4907-82cc-ff36da59cc0a,Smartphone,,456.1,05/09/2024
9d7a21ba-15e9-4cb9-b9bc-0591aa2ce5b7,Smartphone,9.0,1267.3,10/23/2024
7f699fa0-0421-48c4-b4bb-652bdfc65a4c,Keyboard,9.0,,06/21/2024
09afe942-853e-4558-b23f-c42d765981c4,Keyboard,9.0,33.17,01/30/2025
b299b812-e59e-4102-a225-8e4a2547f5f3,Keyboard,8.0,84.64,03/12/2025
6db60e31-9b53-4f38-80f2-9f0886d792aa,,5.0,1387.42,09/15/2024
7ea14bbd-a855-4ff6-ae65-31d3d16c5287,Keyboard,7.0,163.97,06/02/2024
4b819f57-d1c4-4429-8bb6-9f8e312897c8,,4.0,219.32,08/07/2024
89db834c-7618-4098-9202-d8fe5045edba,Headphones,,307.82,02/02/2025
85bec56d-a49e-4ecf-bff2-6d6618608f2f,Smartphone,2.0,713.7,11/19/2024
6c735c6d-f216-4a5b-913d-1712a6f5ffdf,usb cable,3.0,20.74,01/04/2025
,Mouse,2.0,28.74,12/24/2024
7ccf3f98-0920-46ca-8a4d-e582f8570d9c,Headphones,6.0,305.04,11/17/2024
4de00ab4-b003-49c1-80d9-fe2895632c90,tablet,1.0,877.68,01/06/2025
c71d50e9-cadf-4660-b3ad-d502aaab92e2,,6.0,1649.34,06/13/2024
fc62b797-869e-450b-9f9e-07fb52e077bd,Mouse,3.0,92.11,05/23/2024
1b0f7f07-7135-40b0-bac3-045208623706,printer,4.0,285.13,01/12/2025
1150161b-e5f7-4195-b931-4200fd0263f1,Headphones,4.0,56.19,09/30/2024
4816eeea-7ba2-46ac-afc1-abb0f09bf46b,printer,9.0,394.14,01/01/2025
33eed9ec-74d4-43c9-bcda-3ecfd8a3dbdc,Keyboard,4.0,57.84,07/12/2024
051abd45-91fe-48be-a858-17ef63371c70,Laptop,5.0,908.1,06/05/2024
28e4d2cc-84c4-47a8-9aaa-2ac8b8c28ddb,Laptop,6.0,1530.32,01/15/2025
488107e6-2fed-449a-ad26-9b5064009dce,external hard drive,10.0,195.62,05/08/2024
0de35dd5-c70b-4185-b3fc-3389e0a2938c,usb cable,2.0,13.18,03/21/2025
900d2a59-92d2-4fe8-9175-d7ab76482a78,usb cable,5.0,17.83,05/14/2024
294e6d2e-b063-433a-b32b-af45c3efc94c,Smartphone,1.0,1090.16,08/02/2024
a77c2fd4-c6d4-4de3-b2cf-ccc68809b4a3,Smartphone,5.0,456.71,05/21/2024
213a1732-89a9-4a31-af0c-358bc6771496,external hard drive,6.0,191.73,03/22/2025
d225ab3c-254d-4a93-99ca-8cc22ebb6d4c,printer,5.0,249.58,10/30/2024
80ef9899-a2d2-4085-b7ef-6d00cea0f8e7,Smartphone,1.0,607.83,08/09/2024
055c1ac0-660a-460b-96d7-45086d83a8f4,,3.0,289.86,
db4a5529-6e27-4623-966e-627cdf0a2bc5,Keyboard,9.0,130.91,05/22/2024
1203dd30-608f-4826-9ab1-569b1ee2a35f,Headphones,9.0,240.92,04/21/2025
563efa39-f031-4b61-a033-84cacb5f7390,external hard drive,6.0,237.95,01/31/2025
745b0cf8-9aa1-43c0-a01e-5035796961b2,Mouse,5.0,38.99,12/03/2024
2a81ac09-7c72-4498-9c97-92977407ada1,Smartphone,6.0,965.49,03/01/2025
c812e31c-6134-4477-abb7-714714424202,Keyboard,5.0,135.74,09/13/2024
5497255f-1138-4785-bc67-d9ef8fc3261e,external hard drive,5.0,287.31,
d848372c-602d-4bb7-90c3-d6bd972d993a,Keyboard,10.0,146.84,12/25/2024
1a5d5216-0ea6-459a-8224-4beebff478f1,Smartphone,2.0,,03/30/2025
b5ed66d6-019c-4261-9851-08f38e504e2a,Monitor,1.0,396.22,07/01/2024
ecbb1b9a-9f9b-44fb-a71a-e9580230041f,Headphones,10.0,218.66,05/04/2024
,Mouse,8.0,39.91,12/06/2024
5a0991dc-7199-4097-abc5-66fc08fa11be,Laptop,1.0,1579.5,01/12/2025
07454584-007c-4141-8c00-b01fad9d502c,tablet,5.0,419.62,02/22/2025
9e3f8a81-9367-4593-b3a6-c22c29889b48,Laptop,8.0,1907.23,11/12/2024
f5bf7bda-1e93-4ba5-b0a8-78077da4ffdd,Keyboard,6.0,186.31,02/26/2025
2f897a78-1642-494b-b82c-c715f98cdf8a,usb cable,6.0,28.14,
545c8693-ff01-438a-acae-9baaf6273bf6,Headphones,5.0,311.53,02/20/2025
fca8c091-4abb-4c8f-856f-b7c8e8ff0031,Headphones,4.0,111.59,07/13/2024
cc644869-c111-44af-b3f6-4ac056cc6847,Mouse,10.0,40.11,02/10/2025
b02910ca-71df-4414-8c28-3a3b0ab92e46,Smartphone,1.0,,10/21/2024
e7505259-8069-40f5-9729-f7f678b3795f,Keyboard,10.0,179.54,11/05/2024
,usb cable,1.0,10.09,12/14/2024
d5cf2f46-f1f2-40f5-ad94-7cf453f1aa90,Headphones,9.0,72.77,01/23/2025
0de78e2b-60a7-4889-9f0d-723a3d3d002c,usb cable,1.0,24.39,07/10/2024
f72100a4-a89e-4356-bd16-f1ca884c167e,Headphones,4.0,153.69,03/14/2025
2c487d58-56cb-41b6-87bd-bf2a5aa3af7e,printer,,362.9,12/07/2024
9fea4065-541d-4839-948b-4becd61e674d,Mouse,1.0,70.04,01/14/2025
,tablet,7.0,244.11,09/21/2024
cf0041ec-184d-4467-98e6-ef4b78c0d4e0,external hard drive,,84.12,01/14/2025
72375e99-dcfe-4b35-9f5f-f5398abb6566,Monitor,7.0,292.57,01/04/2025
269bf98a-ad23-42a0-b89b-59029ff69d54,Headphones,4.0,178.16,04/04/2025
d9149168-8697-405e-b37f-052b69622e1a,Mouse,4.0,47.87,
8c572fe5-9ef1-4122-8684-b8419e3d76d3,external hard drive,2.0,77.57,06/14/2024
28bbc3ef-20b0-4383-80e6-1de7d6aff993,,5.0,753.99,
9669ef2f-83df-4d01-82ac-04b3dd0e69ec,external hard drive,6.0,272.62,06/01/2024
53d94b76-7f27-4048-817e-dfb01e87cdc7,external hard drive,6.0,83.27,06/01/2024
65168d65-fa7c-458c-ac46-531c8c5ccde3,,,165.72,03/08/2025
37aae368-7723-4868-8744-10ce270fc4d4,tablet,7.0,294.38,04/30/2024
59adba1f-822c-4281-91d7-976c01bcd38f,tablet,9.0,660.55,08/28/2024
13b6ef71-a15e-4962-b888-5024a5f37856,printer,6.0,143.48,09/11/2024
079d54cc-adaa-4aa0-b20c-cdc96de747e2,external hard drive,9.0,166.15,08/31/2024
adc6b157-7dfa-434e-bc40-0a54d03cf9ef,usb cable,3.0,14.14,05/04/2024
,external hard drive,10.0,140.16,01/11/2025
07533b20-5d2e-4d7c-aeec-d5aba46f19cf,Laptop,4.0,1825.32,11/17/2024
cf22593f-8968-4d9a-aad2-a040125f49a7,Mouse,8.0,45.32,09/19/2024
c5312d4d-525a-44f0-ae92-a47aed204c13,tablet,5.0,882.34,07/01/2024
,Keyboard,,87.51,08/09/2024
a227640f-004b-4d8e-ac16-0c8ba8454fa1,Mouse,6.0,66.43,05/15/2024
cfef2d38-f86e-45b7-a829-b8e195475362,usb cable,6.0,23.54,03/27/2025
b800a79e-a5f0-402f-b3c2-0fc41c6bd8cd,Headphones,10.0,197.19,01/22/2025
88a11dc6-38f8-493b-ba63-2f67335b1ff4,Monitor,4.0,621.82,12/26/2024
4fc2336f-54b2-43ad-8c73-40ea7f0412c7,Mouse,5.0,,10/10/2024
1069a698-2425-4d09-9656-92d810c5a0d8,,,944.72,03/02/2025
40a4ca68-d75f-4d69-b14a-a09a6fd5f439,Smartphone,5.0,319.39,08/29/2024
badce336-2dbe-4466-9849-6f1286935931,Smartphone,10.0,1133.32,08/24/2024
46c7a03c-7289-46bc-9bfa-cc0ec7c5daf8,,4.0,830.2,08/28/2024
7b686e38-d055-4dca-ac6e-836598015526,usb cable,8.0,12.85,07/20/2024
a0c1bc40-c5fb-4f88-a4ff-d88ff9be2279,Smartphone,2.0,334.17,02/13/2025
2f20950f-a3a0-4b3e-bdeb-5e30f17f10d6,usb cable,3.0,10.08,01/30/2025
10976d29-b29c-4505-8f81-05cc2110c91a,,2.0,,02/08/2025
99003899-dd96-4cb2-9aab-3f2b66fe97b9,usb cable,1.0,20.53,12/27/2024
04550615-abd0-40f3-be5e-90adb0aa35b7,Smartphone,5.0,,11/17/2024
f37fce2d-3515-4c95-8463-32855742ae9e,Laptop,7.0,1518.43,11/24/2024
8be57090-4b0f-4dbc-9055-4c7c1661a14b,Smartphone,7.0,525.04,02/21/2025
39cd4b29-e420-49eb-b0c1-38a776c6617f,external hard drive,7.0,214.43,01/07/2025
74b3f71e-f132-4f36-92ab-52204a98daa0,usb cable,,24.72,01/31/2025
2b3eec17-0c0b-4198-844e-c6ceb17575aa,Smartphone,7.0,334.83,06/26/2024
d2ad2810-1202-4970-94fe-6103782a92af,Smartphone,,1251.56,01/16/2025
bffb0f64-5fe9-4a24-964a-3394306fead9,,2.0,274.72,08/07/2024
d9846de7-c905-47cf-9d26-130f9d81964b,Laptop,2.0,1528.91,05/20/2024
ce0255d8-4e68-4ef1-bdfa-2353c67b4a91,external hard drive,4.0,,10/05/2024
47908987-01ae-4ae9-822e-32f70ce17da3,Mouse,3.0,83.25,01/18/2025
,Smartphone,1.0,722.94,10/01/2024
1c345d46-e76d-45ef-b2e7-d23bd6061862,external hard drive,5.0,68.22,10/04/2024
,Keyboard,10.0,90.22,06/27/2024
17feb9b2-59af-4acf-bfe4-eb743116b05e,Mouse,2.0,92.57,
8f969e1c-967a-4551-81a1-44590c5bb518,Keyboard,4.0,127.29,01/03/2025
,usb cable,1.0,24.8,07/16/2024
09380c90-2c5a-4a84-9d1d-c94c5de07f56,Mouse,7.0,56.12,
5b995270-1f75-4916-97f6-cfcf59be1b56,printer,9.0,348.46,04/28/2025
a4d0986d-8c39-421b-adb6-13854e2deb15,tablet,4.0,,01/17/2025
dba0a850-bcbd-4447-ab22-3648a0713865,Laptop,2.0,1732.35,09/23/2024
,tablet,2.0,300.61,10/15/2024
ff07c930-8406-41b8-bf48-84152367734e,,1.0,1997.3,11/29/2024
0df3cf70-6967-4e81-b2df-0d30a59a07ec,Smartphone,7.0,547.98,
5e3eec84-142f-4994-a158-52dd8b2754dc,Monitor,2.0,385.14,02/27/2025
8f879cd7-a81e-45a3-9f1b-024f221a04e4,usb cable,1.0,11.9,12/26/2024
0cd3f087-e9b2-4343-b8d0-57d578200f02,external hard drive,2.0,276.12,02/06/2025
37330380-9f42-4343-b4b6-060e1008b405,tablet,7.0,420.45,06/02/2024
59b84e5c-5bc9-4f8e-8d71-6fbd6e8c2142,printer,2.0,,06/25/2024
9a231bf6-d479-405a-9dcc-657484b76363,Laptop,8.0,898.74,10/10/2024
75a07143-83d8-492e-ac5e-ea6fcc0867bf,usb cable,5.0,16.4,04/22/2025
51c166b4-921f-490a-b8b3-b67c930d0458,,10.0,116.58,10/06/2024
805e204a-3196-4230-9bc9-63174a20da6d,usb cable,4.0,17.97,11/23/2024
43c454ea-8575-44f6-a850-c9163a964ac8,Smartphone,7.0,1282.51,01/11/2025
52c7abe0-afcf-4069-9c86-7f6b87b8f6df,Monitor,,651.38,10/23/2024
,external hard drive,6.0,112.14,09/08/2024
c9c81895-327a-433c-b790-34134ed643a9,Smartphone,7.0,955.45,05/28/2024
,Mouse,5.0,96.0,08/28/2024
f949c026-4f2b-4647-945f-85bb342fd6cc,tablet,9.0,742.54,04/24/2025
b6ad12e1-8e29-4fd6-9b43-427346e36008,Laptop,9.0,808.58,03/28/2025
3b50fd92-9e6e-4f72-8e08-89db188abceb,Smartphone,3.0,791.79,11/06/2024
1f71fe35-58bd-402f-babe-0af7ad223d84,tablet,10.0,548.34,01/19/2025
fdbfa1f5-24bc-4d77-bc4a-a4d65b2411ad,Laptop,6.0,1348.73,08/14/2024
aaf9afa4-cf48-4c88-8cca-55a5476d9a15,tablet,6.0,583.91,08/09/2024
,Laptop,1.0,1611.91,11/12/2024
2d93d6f2-fb6e-4e71-b7dd-1e09b5208b3e,Mouse,10.0,89.6,02/06/2025
832e5f33-bdf6-40fc-9634-ec9ce3e01cff,Headphones,6.0,125.93,01/19/2025
9d60f20b-4fcd-4cbd-b85c-1617871530c1,Laptop,1.0,1511.78,01/27/2025
26b31790-3d57-4a9d-8ea9-4fc2fbf1daed,Headphones,10.0,260.6,03/09/2025
a70737e8-a3d4-41d4-8900-943b9bb4a52d,Monitor,,245.45,08/31/2024
7e153cc4-215f-43f6-aa77-d14864138e97,Monitor,2.0,237.32,
4c34de64-ef9c-4dca-95d1-9e0d83a91c71,Keyboard,3.0,192.75,04/25/2025
af285912-3445-4a59-8063-b55afbe9ef3f,Smartphone,4.0,910.85,11/11/2024
,,6.0,227.22,08/28/2024
2cb52dae-9d2f-4e4c-b817-9ace870e7f89,Headphones,1.0,326.1,11/08/2024
8a6869c2-a6f2-44d3-aed0-64419fbd6c52,external hard drive,9.0,192.23,11/11/2024
74c82f96-9601-4eab-9fce-c7fd2dd26a0d,Keyboard,2.0,75.74,04/10/2025
d26fd4c0-3f71-4267-bca0-547d151aa1c2,,6.0,853.13,
0744b2e6-0f0b-4e06-928f-7766eb0c52b8,external hard drive,,159.6,07/05/2024
40bf78fa-6535-435c-9315-2b2eb0b13cda,Monitor,4.0,358.61,07/28/2024
6be916d5-e497-4dc5-a495-6826e1e63005,Mouse,2.0,58.21,01/04/2025
56656e2f-8ec7-45f4-bcff-3fd9bfb86117,tablet,2.0,274.89,12/15/2024
ca3e5cf3-b1be-4670-97ec-f0feb848ff53,Keyboard,9.0,199.07,09/21/2024
74dd8712-5471-4452-b3ab-2181dcaa54d8,Headphones,1.0,221.23,03/25/2025
cf8ebccd-6bf2-43a4-80c0-10810d6805f1,Monitor,5.0,385.73,10/23/2024
2f67b683-6982-4a30-9ca1-ff0cbdf4a111,Headphones,4.0,324.09,06/11/2024
03b56bb2-3770-460f-b4a8-3833005065c5,Laptop,1.0,1249.52,11/09/2024
afd8f1a5-5b98-46ff-8f20-b27c784d0638,Laptop,2.0,1888.51,12/18/2024
1bbf25e7-4b92-4255-a6f4-2ce72ef4b1bd,printer,7.0,308.09,10/23/2024
d256c278-09a0-4d2d-9462-b10362ee6577,usb cable,,17.2,10/15/2024
00586c7a-5d52-494f-9030-aaba21b941f3,usb cable,3.0,17.37,06/30/2024
7a99b210-f65d-4bc5-8beb-656937dcb9a6,,5.0,733.98,06/19/2024
900b211d-5cec-4da1-ab83-a510b7a675c3,Monitor,2.0,251.71,03/21/2025
e781796e-5382-4daf-8355-5faf0683d8fb,Keyboard,3.0,132.3,03/27/2025
8cb7e8c6-6c85-45c7-a62e-6a520b034020,Keyboard,8.0,71.77,06/07/2024
52e5b270-22a6-4ac0-ab52-3120d24765fa,Smartphone,5.0,936.96,04/22/2025
10237ff7-76ea-46a7-a15e-aea6c08e95da,Mouse,3.0,43.53,11/06/2024
fa66ad9b-6ae8-4403-86c0-8e70b183bb21,Monitor,3.0,645.09,03/24/2025
59dd2bbf-2a68-4352-9910-22ba3cf56069,Smartphone,5.0,787.85,02/08/2025
aa44b004-1d9f-46ff-b742-cf44c5c14fbb,Monitor,8.0,401.45,07/04/2024
0205646e-95cf-4cb1-b247-04a77c676b93,tablet,10.0,537.06,06/26/2024
b0ed2495-795e-446a-bfa6-405e5a888a8b,Smartphone,6.0,1270.42,04/29/2024
f8bf2749-fcad-487b-ade0-b983a3e789ba,Laptop,6.0,841.94,06/30/2024
edf49b4a-49a0-4a10-8b85-64f7c3b2e1de,usb cable,8.0,10.16,07/13/2024
83a6b043-e6c6-4474-9201-56d9cf76f7e2,Headphones,5.0,200.07,06/04/2024
475b3b4e-0aff-4c20-8015-5218544728bf,Keyboard,6.0,90.56,09/18/2024
5d18e702-6415-46c7-a7d4-c2429fd5346f,usb cable,,18.47,12/19/2024
f793368a-c489-4ba4-ae0a-8b5bb64f5924,,5.0,1650.92,01/02/2025
4e3bbc4c-1676-4927-ae2e-942c1a738a37,usb cable,3.0,14.39,11/23/2024
fd5dab4e-a011-40aa-a018-686fb7b9da7d,Keyboard,1.0,53.15,01/10/2025
609746e6-1f03-435c-ae22-3ea0780cbf0b,Headphones,,54.92,12/08/2024
c39b271c-8550-4429-a80a-6235aaef25da,Smartphone,7.0,1041.24,05/15/2024
930a7741-1501-4cb4-9d9c-a50cae4b5504,Mouse,6.0,67.14,08/16/2024
951830c3-d629-4d54-8bd0-939654dfd59e,tablet,,668.59,09/25/2024
f431c804-2a15-4cc7-a5e1-a80500eb0000,Keyboard,5.0,86.04,07/05/2024
a57b1e92-675f-4775-aa51-7865ebb8ea33,printer,,159.12,08/19/2024
38ae0a65-5485-4214-b6b9-1f3a44d54abf,Headphones,8.0,75.97,08/06/2024
6179d1f9-8bdb-4feb-988c-4bf3d3109417,external hard drive,10.0,292.12,12/24/2024
fb689b88-c555-4189-b2db-2d9cb7ffc34d,usb cable,9.0,20.38,11/12/2024
e0454a52-7ba1-4998-924b-48f0a6a481e5,Headphones,8.0,294.09,02/16/2025
d35ff42f-36bb-41dc-9b77-1c710d309a5b,Smartphone,1.0,879.3,07/18/2024
c97ea4a0-83ea-47f9-aa01-fb3c201fe8e9,Keyboard,10.0,46.88,
6aa1df51-3b05-4ba6-a855-4ec198086316,printer,7.0,166.79,10/06/2024
449d5057-b4c5-4846-a20d-f8c24c1cfb31,tablet,7.0,243.74,07/08/2024
f0eb83a6-ab81-458e-8de7-87c3602108a4,Mouse,7.0,71.46,06/18/2024
bfdfa702-5d87-4577-81f9-f18f52d97509,,6.0,375.63,11/19/2024
12eb0f84-5fab-44b6-ab14-3568393e7b91,usb cable,1.0,25.15,11/20/2024
528fa178-2b0c-4765-a4d6-46c7c650cf08,usb cable,5.0,,07/12/2024
7f440b47-7d82-4bc0-a3d5-d5618163e0a6,printer,5.0,172.39,
249ecf86-6b29-4a31-9641-68e9a37cef40,Monitor,4.0,266.99,03/24/2025
f2a3a79f-9bef-45c6-9593-c391e67efbab,usb cable,10.0,18.53,
acadfd89-01d9-4adf-9cc1-ae73152042a0,Headphones,,172.33,12/07/2024
91c39c93-3c69-464c-9774-493fa7246ce0,Smartphone,9.0,804.74,12/20/2024
ed3a065d-3068-405e-a3f9-3479e5af171f,tablet,5.0,230.16,
47610d7a-04a9-41cc-a8f6-f16f7e1850ca,Laptop,3.0,1487.54,02/14/2025
53aa174f-45b9-4c04-9a07-8d64ae20ef01,Headphones,10.0,314.5,07/03/2024
e6013f02-da70-4184-9050-089f0eb2e8c0,Smartphone,8.0,502.92,04/11/2025
4c675310-f189-42aa-9cd0-ce8b5582f4b5,Laptop,5.0,875.07,05/12/2024
d9c62bec-b216-4ce7-8eeb-58a100e1a733,Mouse,3.0,97.28,02/16/2025
c4f40ddd-da87-435a-88ab-8d047bbfbb2b,printer,2.0,289.65,03/02/2025
c1712ae3-3fa2-4309-9c32-53d4f3a9f9aa,Smartphone,9.0,421.1,01/24/2025
7232051d-6d79-4869-9b13-f3c4ebe6f792,Smartphone,10.0,525.72,06/27/2024
bb5a7118-a923-476c-a237-74b7e1c65ecc,Monitor,2.0,494.72,
399e3598-fa99-45e0-9281-e5cf220a122c,Keyboard,6.0,108.45,05/28/2024
dfede9ee-35db-413f-83b9-d7a65a8bfa04,Keyboard,7.0,82.54,04/10/2025
c3c81150-e5c7-4672-ab3e-b7ca6eb6c6ca,tablet,5.0,546.38,10/10/2024
242290ba-0d6d-48cd-84de-6971b565fe8b,Smartphone,3.0,687.0,08/21/2024
2a419b0b-b44f-42ac-8e9a-739bf5255840,Smartphone,8.0,340.57,11/05/2024
89ebd78c-fa2c-4803-a78e-3fe05b44c7e7,Smartphone,7.0,884.96,06/13/2024
,printer,8.0,378.01,10/24/2024
f8223bea-1b4b-4de9-a9f8-32d4b721c57d,Smartphone,6.0,1050.96,11/23/2024
b9cb4908-25a0-485f-920c-99feb7f8cae1,tablet,5.0,679.03,02/26/2025
65eaf4bb-385d-481b-bd95-9b2f78eda330,Smartphone,7.0,1021.21,05/10/2024
62c80eb3-6ffd-4987-90d3-6d1959e5b12b,tablet,4.0,258.7,05/24/2024
bb97585d-fde5-44f6-bb2a-2f2453bb183d,Monitor,7.0,598.12,04/06/2025
ea9a06b0-c124-447e-aca7-f9c6e0bd80d7,Monitor,4.0,,
b2639361-6267-461d-9368-62e4ca96d40e,Keyboard,1.0,173.24,01/16/2025
82301a8f-293f-4232-b910-b4f246c38409,external hard drive,1.0,299.1,11/17/2024
09b3a78a-6bb6-46a8-b11c-7d8dcabca882,Keyboard,2.0,59.0,04/13/2025
1baac425-e061-4460-9e49-6ab9f359c8e1,Mouse,6.0,43.07,06/15/2024
c87088d9-67c7-44b3-a354-99cc776cac74,usb cable,10.0,,03/28/2025
5fc97f4b-6b10-40c0-9760-0c9cd7fd779d,Laptop,1.0,1065.76,01/31/2025
acb27771-4add-4aa8-97b2-15d3bf5831cb,tablet,5.0,276.81,07/25/2024
ec14e937-f05a-46a9-b69c-d75aa2a64a4d,Keyboard,3.0,175.91,08/01/2024
a5f01a35-b320-4f7a-978c-4cb9fc12f228,Smartphone,8.0,1217.06,05/20/2024
1047318c-9863-4cb9-a7eb-fe38ce7c040c,Smartphone,,667.88,
2a2d3948-dd37-44ad-96c0-2df4b945a645,,5.0,73.52,01/20/2025
793cd701-80cb-41a2-82a2-6bcd5dac28c5,Smartphone,5.0,1235.41,09/14/2024
629f0980-a35a-42b1-bfbd-ae55f6a497c1,Headphones,9.0,265.32,08/04/2024
20dce0f1-0e5f-4bf0-8a11-320839f6ba55,tablet,3.0,388.22,11/29/2024
6e3d8c84-25e3-4cdb-a304-7925f45a7232,Mouse,10.0,56.82,08/31/2024
f0fec99c-4850-4bcb-8e74-c8c4cacca3c8,Smartphone,6.0,1235.81,08/26/2024
e6733540-4be4-4c65-86c0-5762a5906a4f,Headphones,1.0,254.63,12/16/2024
143f63d6-24e5-4a16-8133-a0d3a6721376,printer,7.0,393.21,04/29/2024
c0d7a6ad-9e95-48e6-8780-dbe80400cf16,tablet,2.0,785.57,01/26/2025
ac9fa2fe-c211-4c02-9475-046b994a1b0f,Mouse,7.0,34.11,05/01/2024
2eca7a89-953e-4958-9a3d-9dcf4da19969,Smartphone,7.0,992.28,08/17/2024
dced4528-5125-479b-8ebc-8342c0a0d87a,Smartphone,7.0,1057.98,01/31/2025
a889a0d3-17f7-404f-96b9-810043bb8685,Mouse,5.0,33.01,02/26/2025
77d1cbf9-7604-42ea-a76b-4f28954b79be,Mouse,1.0,50.15,02/26/2025
b8fb5c18-0eb2-439c-9042-9551611178e0,Mouse,10.0,38.07,10/09/2024
0fe5c54a-685f-4a41-9407-41f3c4dad63d,Keyboard,4.0,75.89,08/02/2024
c77bd4d9-273f-4ea3-ab45-a52477bf6bf9,Laptop,10.0,1670.75,
75064101-fa91-411f-a259-1f09be487d0e,printer,4.0,350.0,06/02/2024
f5f39faa-6969-4f5f-a5f6-8e7011be05da,usb cable,8.0,27.97,04/18/2025
3f4ecf6a-c439-4a5b-9a7e-3d562d540aa0,Monitor,10.0,197.99,05/22/2024
f85d7050-65ee-4ab7-a925-83921c0fc013,usb cable,4.0,10.54,02/20/2025
46206e2f-4054-4ddd-83cf-5c46984a9399,usb cable,4.0,24.38,06/16/2024
ae2ba5ac-dbfc-4d75-8873-3221288e0cc9,external hard drive,1.0,136.64,10/09/2024
5f344851-1200-4ce2-8031-7789e5ccb4f4,usb cable,9.0,29.49,01/05/2025
0c8149b6-44f8-4602-b6fb-2a5116defcc1,Headphones,2.0,121.39,01/09/2025
c98a168e-ac85-46c9-a978-24fb740cb083,usb cable,2.0,28.74,02/26/2025
5a963c2f-c33a-41f3-a9f0-4eacd8f00489,tablet,8.0,517.33,03/02/2025
68e521df-5af5-4e3c-8e51-2497254cfeb3,Headphones,5.0,298.32,02/05/2025
c09f942f-3b7d-4511-8904-8cea6bb058f0,external hard drive,1.0,81.59,12/06/2024
ee9c5c65-1498-415f-8306-52a6ef2e3230,Headphones,10.0,125.79,01/08/2025
33ee15aa-51e1-4ef7-ad6b-6adaa9ef68ec,tablet,5.0,737.62,03/22/2025
4e0f741d-f390-4f52-ab1e-f558461140f7,printer,1.0,227.67,08/30/2024
ccfe6965-38bb-496d-9842-44ba84db362b,usb cable,4.0,15.77,05/22/2024
5ded3daf-c8b4-4e26-8d7a-d782d8d2d4d2,Monitor,4.0,678.75,05/13/2024
677be637-42b4-413a-9ae4-4298f6611448,Headphones,3.0,307.59,08/08/2024
c1e67988-e233-41c0-8472-29d3742bd4dc,usb cable,5.0,27.87,09/08/2024
b043a038-7f7d-48a9-b87b-6dff1084a635,printer,10.0,303.27,02/12/2025
4ffea3d4-040c-49f2-ba32-466af26d59df,printer,3.0,94.65,10/10/2024
88715060-de31-4c89-afe0-63b4f77231f7,usb cable,3.0,17.19,02/12/2025
4ece3dfa-435a-496d-bab6-3298b96d89ea,usb cable,7.0,18.44,07/18/2024
7bf4cba8-93e2-46a9-b251-856ff4d13410,Mouse,9.0,,01/16/2025
f9f31aea-bfcc-4344-8334-05631b3f484c,external hard drive,2.0,247.96,10/17/2024
bf09356a-4828-4c60-9559-a313df30e8f5,external hard drive,6.0,288.93,03/06/2025
9ae2b7b1-98f4-411d-979d-c1fbb73fcedf,Laptop,10.0,1807.88,05/08/2024
dc729988-71e7-4ccc-a93e-b1c11a6bf2fb,printer,,300.21,03/02/2025
76686327-6f11-4914-a48a-6347c99ad954,printer,3.0,358.24,12/07/2024
5e248da7-e24d-4ad6-a044-e4d294db9e30,tablet,4.0,592.88,08/14/2024
18ce68ae-8d8c-4f40-8c9f-2db48c4c46d3,tablet,,270.59,08/11/2024
96b86afd-bf84-4e97-9e0b-c214038592d8,printer,9.0,,11/06/2024
e43f4088-510f-42d8-bae1-ee0ba94cb10e,Monitor,3.0,187.8,05/25/2024
ac3afa30-b1f2-465f-b44d-084421c3fea0,external hard drive,1.0,178.71,09/11/2024
fa5df7c5-95e5-425f-8613-272adb33b07b,Mouse,6.0,27.26,07/23/2024
e596bc6d-1998-4be8-8e9f-d46a10de3f60,printer,9.0,239.86,02/27/2025
ceb4f3b8-f484-4c91-98d8-7a610899615d,printer,3.0,293.78,09/25/2024
d7349d79-dfe2-4135-b5a2-b571f3791828,Headphones,2.0,311.37,06/19/2024
25e6427f-8c39-4432-8aa3-0d1c7f5ceefb,Mouse,7.0,79.76,11/29/2024
1a20cbfa-b7b0-4a3b-a870-f4650f97ae53,,5.0,524.22,11/18/2024
910db2e2-0d14-4512-a512-f75bf8e141ca,Monitor,3.0,307.95,05/27/2024
0c760f74-8cdc-49df-be22-6ed4b7d1ce95,tablet,4.0,824.36,01/16/2025
fed5fc04-551b-415c-aa41-2238f7de7a84,tablet,5.0,885.38,03/09/2025
fbfb365a-e2a2-4b1b-ac36-f0374eafcdfc,Monitor,7.0,242.96,10/06/2024
00b7a304-8297-4000-8921-22309046faf1,Mouse,3.0,95.83,02/06/2025
a2557c92-d3e7-4929-a2b8-c95964dda218,Monitor,10.0,551.01,06/04/2024
,Laptop,8.0,1771.33,04/05/2025
76ddf30d-abb5-43ca-bd44-57dba1dfa3a7,Keyboard,10.0,108.43,08/15/2024
f9525b0a-4aa5-4b13-9306-49fce60e065f,external hard drive,8.0,280.42,06/05/2024
a54dfae1-f5aa-4071-9b50-49af8392b5ee,Monitor,9.0,172.39,04/11/2025
a5e5acb4-3a80-4ca7-9831-1c7788e86626,tablet,,488.59,02/15/2025
44bee7dd-f624-4c1c-b1d5-a2e7dd5d83ab,,5.0,24.12,01/31/2025
ac5a8660-f197-4ff5-8cfd-628a45608806,Monitor,1.0,425.77,07/10/2024
3071fcba-b97e-47a7-acd6-ce72250750b6,Keyboard,6.0,135.34,
fe5c549f-2026-4bce-8aaf-d1dedba34e70,Keyboard,7.0,43.97,07/13/2024
de4fe140-5c25-4c5a-8dc9-bce6e1e241e9,Mouse,8.0,65.0,04/23/2025
c41395e3-d459-43e3-9a12-4b1fff65226f,tablet,2.0,274.28,08/02/2024
1ce586d9-cf03-4b3b-81e1-626111e0540b,tablet,1.0,235.5,04/06/2025
276dfdb9-47dd-4203-bf57-77d8496886ae,Laptop,4.0,1391.27,04/15/2025
081f7070-9c17-4b76-acd4-9630f225d0e2,Headphones,6.0,228.19,04/12/2025
eea43883-03f6-4dce-9174-400fdc20a4aa,usb cable,,20.83,12/09/2024
24e2c716-e755-4761-a649-63f4b8e12ffa,external hard drive,10.0,290.13,08/06/2024
ba07c4cf-bb9c-41ac-a0e8-b532c602fdf5,Headphones,4.0,213.32,07/03/2024
57340b13-c59c-44a2-83af-c9cada3c43bc,usb cable,4.0,10.83,04/06/2025
0bc67fbb-fac3-4ad8-b83e-aee28d630f02,tablet,2.0,893.91,08/07/2024
fdfe1bf6-2927-40d9-8202-f2c2167de515,printer,3.0,322.62,08/21/2024
1b5a3efb-c855-40fc-9f7d-e6e1ada461a0,tablet,4.0,373.23,
6d69372f-f8cb-4337-918e-1ac65c0eba16,Mouse,6.0,75.77,01/07/2025
90e1a1a2-097a-4358-a30e-d94cb223013a,printer,2.0,375.34,06/20/2024
76d94e8f-3d82-4bb5-92f6-1a58d7cf485b,Smartphone,9.0,408.11,08/19/2024
9d26de85-5b25-4b83-82f3-e6ebbe5ba1c9,tablet,7.0,315.51,03/02/2025
eaa9cda9-4eeb-4cbf-88de-6d1cb9106a28,Keyboard,4.0,47.75,11/21/2024
560d5142-027d-4579-a99a-a7dbfd0e409d,printer,4.0,124.36,07/15/2024
788065e9-7465-47a7-b51d-3278f73f8e9f,external hard drive,1.0,63.66,11/30/2024
52b80e11-6e28-4e12-936e-caa22c747cab,,1.0,839.91,04/29/2025
ef5b696b-c65e-40c0-8332-e704b0f39484,,7.0,983.56,02/16/2025
,Mouse,5.0,96.56,05/18/2024
8baedb54-00ef-45e5-9ea9-3a746d83a739,Smartphone,4.0,776.73,09/16/2024
8351c15f-6999-44c1-aec1-88de0d9f2d40,Laptop,10.0,1294.66,02/09/2025
32c18bcd-9a2c-46fa-9162-feb714832dff,Headphones,10.0,133.39,04/10/2025
6e8d9b26-6973-44b7-b94a-d27cdfa8b240,Monitor,10.0,258.22,10/05/2024
e8a6fd4a-18dd-4f5b-86e9-3eb02c424c4c,Laptop,5.0,1929.97,06/12/2024
26ab250e-ad56-4173-8525-f865f6004ad9,Monitor,2.0,300.45,12/28/2024
56e1451f-11aa-4b88-9db6-68e6a338d6bc,Laptop,4.0,1907.97,11/20/2024
e7af05b7-c017-4399-95f2-83e99512003b,printer,9.0,300.98,11/21/2024
e69d1e56-5f0d-407a-8607-2ceb51a88525,Keyboard,5.0,181.47,08/22/2024
4416a8b5-535b-4ece-88c6-ddcf1770bfd1,external hard drive,8.0,92.25,06/27/2024
c33539ca-62e7-481a-905f-03ed773c91b6,usb cable,10.0,27.01,05/03/2024
8c88c7e9-f768-44db-8bc2-de618bf5c640,Monitor,1.0,,03/05/2025
6a97a3e3-d2a3-4f68-951d-71d5cdbd404f,Laptop,9.0,1401.82,08/14/2024
,Monitor,,659.55,12/05/2024
ff69e938-c6e7-49a5-bafd-4642dc9135b4,external hard drive,9.0,190.31,12/15/2024
87186872-7a71-43a6-a4d3-9d2ba848067b,external hard drive,9.0,120.9,11/10/2024
0054806a-83e8-4236-930c-91b1c750b8ed,tablet,3.0,661.53,12/27/2024
45c1aa2d-dc03-4354-9c24-4963ca09ccef,printer,9.0,97.98,10/03/2024
a5855fce-9188-402d-ae98-28b52ec39d25,Smartphone,9.0,374.53,01/01/2025
1c00a198-a531-4f4c-8c66-fe6610901aad,usb cable,2.0,21.16,12/30/2024
935c471d-40ef-488b-a1d4-7b53f31937f5,Monitor,6.0,347.91,12/15/2024
d35a6d28-6e80-4a64-9cb7-e2a940be0ce9,,3.0,382.07,11/22/2024
96ff7521-d89c-44bc-adde-8af6cf0fd804,printer,8.0,90.58,03/24/2025
82370e2d-d84d-45c5-a45b-948e2d419aab,Headphones,10.0,202.07,07/28/2024
2012c3ce-e6bf-4bd4-b094-7a6123e55307,tablet,7.0,455.89,10/29/2024
6367fef2-1aeb-413d-bea0-bf31e2e69448,external hard drive,6.0,205.66,06/04/2024
980e0420-b47f-4811-94ef-b38fdda09f75,Headphones,10.0,,05/15/2024
a321ccff-7e10-4364-b042-c9965a7b6ab4,external hard drive,10.0,120.79,03/16/2025
,external hard drive,8.0,142.28,12/02/2024
0824106c-030f-486a-b6ee-5bbc86651a2e,external hard drive,4.0,272.93,02/27/2025
ae2cf65a-5829-4ca1-82d8-64d1a158adbc,Keyboard,3.0,118.73,05/20/2024
bcfb5aa8-4af6-48a5-b172-97c5c80997e8,printer,7.0,178.02,12/22/2024
deab852e-b5e7-4723-8d0b-5c6076445248,printer,3.0,320.83,05/08/2024
40fd25f2-9029-4f72-b059-71dd9735b1b0,printer,,171.06,01/28/2025
,,4.0,1065.4,12/12/2024
d134c61e-f1bc-443c-8644-9a3f0e60a9e5,usb cable,6.0,23.51,05/27/2024
e31f5a2b-9659-45ab-964c-04aa1519aaa9,Mouse,9.0,46.6,01/26/2025
ce53ea98-2413-4bd6-a3d8-6d720b5f0071,usb cable,5.0,15.21,
da2b9d2b-a837-49a7-960d-2fb2c5cdec13,Monitor,1.0,284.05,08/04/2024
a257e8c0-e8cf-4bf8-8edc-217e7a0f8f6b,Smartphone,6.0,595.94,03/08/2025
813986b7-9bf3-47c4-a0b4-d89fc2c03c47,usb cable,7.0,20.95,07/22/2024
798c9a6b-c6f9-4aab-b725-f36b96d7d4e1,Monitor,2.0,693.83,
d1a4486a-fc8d-4db5-85bd-edb17ec8abc9,Monitor,10.0,231.28,09/02/2024
3d78f926-2e3c-4b3b-8f17-4d6d14fd17fb,Smartphone,1.0,,04/27/2025
3ed9c53b-70f0-4ce2-b39b-50b4dc1f5daf,usb cable,3.0,16.37,02/11/2025
17f4196d-aa79-4d13-af34-55a51bf763fb,external hard drive,1.0,216.09,05/29/2024
488b74e1-34bb-40cc-a2c5-937a7e8dd882,Monitor,,270.79,03/01/2025
56287d08-d023-419d-a355-edf60c6faf5a,Monitor,4.0,552.4,02/11/2025
0b43e303-7e7e-4e8b-b06b-7e654370d8b4,,9.0,196.36,10/19/2024
0b9ea3aa-4719-4867-a1b2-14342549f2f7,Monitor,10.0,272.14,12/30/2024
a5fcedd4-a529-421b-bd30-00d9ddcd75e4,Keyboard,9.0,182.34,02/18/2025
c39967e4-732f-4edc-b1b8-306eca5f1ab3,usb cable,6.0,15.44,04/01/2025
ec5ea5d1-2858-47fd-b740-86d7d9ca9b66,Monitor,2.0,606.91,04/03/2025
c29020c0-c4ea-441f-a7af-5d1680b45508,external hard drive,3.0,222.14,03/17/2025
28220396-50d2-462e-910d-6707dec239f5,usb cable,6.0,12.15,08/17/2024
0a7b7e26-e69f-495e-a16b-e0fc237f3007,Monitor,4.0,248.56,02/11/2025
bb9efeba-0e36-49fb-b9a5-b3611208a87f,Mouse,8.0,96.3,09/03/2024
52cfdbc0-5ded-4707-89b9-05731e850e09,external hard drive,5.0,297.35,
42c458e9-bd9d-4f95-afd7-b7be649f44ca,Laptop,10.0,1732.31,03/23/2025
06b87350-84f2-4531-899c-7b5e359c3a01,usb cable,4.0,21.09,06/05/2024
274725ad-17f9-47c9-a860-023fdae26780,printer,10.0,261.78,08/19/2024
19512529-31a1-4267-9c5e-886b87bac55b,Keyboard,6.0,86.6,04/29/2025
8a0a1e64-a315-4214-a89f-99a000729098,Laptop,6.0,1902.24,07/22/2024
079a31aa-9f7c-4365-9bc7-e5d06b32b4ad,external hard drive,9.0,254.28,
,printer,5.0,148.29,10/12/2024
,tablet,10.0,809.48,07/02/2024
86159553-8875-4333-afe7-ccf7965bfffe,usb cable,9.0,11.84,11/17/2024
b00e93db-6a44-40c6-80c0-4b3a3b484c88,Headphones,3.0,211.57,12/23/2024
5f451c21-a47a-4e33-a427-063d66f090d8,,3.0,203.4,11/05/2024
a4496f7b-fab9-43f3-99ab-83665dcd666a,Laptop,5.0,1420.87,
16ea805c-de54-4342-af8d-304c6f0c0f19,Mouse,4.0,97.3,
6e683149-594d-4fe3-9b8d-f889db325978,Smartphone,8.0,348.9,
e97e191c-ec9e-423b-b06c-67f71aeca550,printer,2.0,125.82,03/02/2025
,,8.0,144.65,04/16/2025
eeb6a643-fabe-458b-bbf9-60f7e629d9e4,usb cable,2.0,15.8,12/06/2024
7640cc19-009d-4f04-a6d8-eee251589610,usb cable,2.0,12.8,05/22/2024
9ab9f076-47c8-4cdc-acf6-e6891cce7fae,usb cable,,19.97,10/01/2024
82791eae-2d81-4d21-8532-fab88edf400d,Headphones,3.0,199.57,11/04/2024
4f514dd0-695d-4d66-97c8-7a9e140c70a0,,3.0,157.27,10/02/2024
0e479c75-dd96-4be5-92b5-430521521ef3,Mouse,7.0,84.91,
f3725217-41cd-4467-a523-86c942d4153e,Mouse,10.0,21.1,01/13/2025
30493632-4b41-4734-bc5d-a36b3819c55f,external hard drive,3.0,192.29,11/29/2024
,Mouse,7.0,87.18,07/11/2024
94d53a3c-9127-4bc6-bede-72e68338bc2c,Monitor,10.0,179.33,09/23/2024
f331ae43-6c38-42b1-9be7-f9f774a65328,Mouse,3.0,90.12,06/04/2024
6a9716b2-ffd7-413c-afd4-0b24162f3855,Keyboard,5.0,50.99,12/06/2024
,Keyboard,10.0,60.91,03/01/2025
5be1194e-54e9-42b7-b5cc-e6b079118676,Headphones,10.0,287.66,08/21/2024
c7a99f0a-9ba2-4c92-b2ab-f5883b76b9bd,external hard drive,1.0,,02/15/2025
3ff2dca1-8c12-43e5-b681-fba6dcfde21e,Smartphone,1.0,703.44,10/08/2024
b5154022-37ac-496c-97d0-b2d02aa05bc9,Laptop,5.0,1980.16,01/21/2025
436a60cc-9c54-45a7-aa5e-890701c14013,Monitor,2.0,418.13,08/17/2024
3786059a-6f7e-4809-8ca0-aa337c5406ce,Monitor,2.0,154.2,02/10/2025
46a258b9-a06b-496f-be2f-5bebbdec875d,usb cable,10.0,20.03,01/18/2025
92503cfa-bf65-4c3e-b385-8556d00df26e,external hard drive,9.0,241.22,06/25/2024
94188a9e-95de-45ae-9a86-48f91d77b10f,tablet,9.0,263.94,06/21/2024
7b343a92-7a20-49f2-b12a-dd8438f513ab,Headphones,3.0,325.79,10/16/2024
1b7bf7dd-dffa-4c85-bb44-9f587ac8c344,external hard drive,7.0,65.78,03/24/2025
a671db76-4276-4578-86f4-21c8a8aa2aea,usb cable,1.0,25.98,09/25/2024
bc560049-c2be-4e11-b837-911382c9c820,external hard drive,7.0,223.26,04/27/2025
d112f8f9-fc07-4e75-be89-a15702e68191,external hard drive,1.0,65.69,02/12/2025
0212cfaf-84a5-4297-856e-fd1db7069b2b,Smartphone,3.0,944.64,06/15/2024
ce660f07-b96d-476b-99a8-4859e0e80827,printer,5.0,243.28,11/11/2024
97f56c39-f5f3-48e8-ba56-f48069ac78eb,printer,5.0,336.89,11/05/2024
24bdf4b2-0e89-482b-8f5d-83713e52ee35,external hard drive,8.0,146.99,04/07/2025
27705fbe-ad7e-4456-a688-ff15459848cb,Smartphone,6.0,910.68,11/11/2024
3fe2c24c-3326-4743-b7b8-a80aad86f594,Mouse,7.0,17.73,03/13/2025
319da91c-cc7e-47b1-bcb7-3750acac11f1,Laptop,1.0,899.21,07/05/2024
8f6d862b-221c-4cfc-ae5e-68bb02f5a046,Monitor,3.0,201.39,11/02/2024
39496104-c226-48f4-a278-d91b9c523bed,usb cable,3.0,24.22,12/07/2024
60c0665c-50f2-4311-a0d7-62fc084b4f61,Keyboard,6.0,67.11,06/25/2024
d9c21b16-be57-418d-a25f-01031eac1f5c,usb cable,3.0,14.93,06/30/2024
f26a0ffd-7e3c-4149-ba40-d7eb427cd5a5,tablet,10.0,641.56,08/07/2024
cdb41e73-5d07-4052-9674-6b8ec0ed1679,Mouse,6.0,31.6,12/18/2024
723c39fe-35df-42fd-9910-1622e60d720b,Monitor,4.0,,07/02/2024
fe27d515-7362-492b-9fb6-540fc1717cb1,usb cable,,,01/26/2025
d1b15b81-cd2b-4a52-a061-d133147e34b1,Keyboard,2.0,171.3,04/18/2025
5cf685e5-a207-41d5-97f7-fb916f834c6d,tablet,2.0,522.64,04/16/2025
dbaca6ed-e89e-4a40-b4c9-1a58c11bfc33,tablet,7.0,837.74,01/08/2025
50a7263b-1d90-4c82-b17a-2a6d1576a53c,tablet,7.0,829.07,02/22/2025
704171c9-3d1f-4dee-b189-2a0782870236,printer,10.0,382.45,09/07/2024
ef06ab8c-8b47-44f4-a04d-8ad91b9419e9,tablet,3.0,438.75,10/22/2024
,Mouse,5.0,41.57,04/14/2025
7835ab8d-04f2-471d-b644-bb41b78565c7,Keyboard,9.0,32.75,09/15/2024
64cc7b4c-cdbc-4924-9088-30072ee066aa,Monitor,7.0,695.4,12/04/2024
7e177979-6627-442f-b573-9c144cf21f8a,Keyboard,7.0,43.09,
,external hard drive,10.0,61.67,07/27/2024
dfd3c610-91fa-47e7-8ebe-499a4228bf3d,Keyboard,4.0,177.02,
e3723586-66b1-47a5-b0da-963363069778,Monitor,9.0,243.87,
695c0cd2-900c-4086-a056-5e2abc04932e,Headphones,6.0,324.92,08/27/2024
686cad72-f874-46d8-a9d6-e53e191967bd,Monitor,4.0,623.96,03/15/2025
13ea3cc4-9415-48d8-9b62-638b9b371b70,Smartphone,6.0,409.72,05/30/2024
9e0f0aec-6947-4b8b-8eaa-d83a377222dd,usb cable,9.0,27.78,02/10/2025
d67a32c3-58b6-4f55-97bd-75f5fbf56a29,printer,5.0,216.79,03/19/2025
78c5b7ef-d5e0-4974-8710-04f44abbd57d,Keyboard,7.0,72.36,03/20/2025
42bf3644-94f0-4aca-ac6a-f71cd60e0eb3,Keyboard,2.0,142.54,04/22/2025
e335d141-c53f-4c33-8993-b6278b884a3b,Laptop,8.0,895.24,08/31/2024
2935dccc-9343-42bd-9ab4-26d287a862cd,Laptop,5.0,1289.55,06/09/2024
0b19b405-0896-4723-9367-8926de8cdc7a,tablet,7.0,690.46,
b16d2b90-4c74-411e-bbcc-e137f4b536b7,Keyboard,9.0,87.59,09/14/2024
,Smartphone,8.0,974.9,02/27/2025
61ddfc7d-12bf-4d93-b4a5-73af38aaeb15,usb cable,7.0,16.56,12/06/2024
d6dd43bf-071b-480d-8263-1223c028731e,Smartphone,8.0,1121.38,02/04/2025
bde22928-a44c-4c1f-a329-1ba7a38f6c22,usb cable,8.0,13.72,10/21/2024
4597d8f2-da30-489b-abe7-f21f0d586f92,usb cable,7.0,18.91,03/07/2025
2ded49fb-51e7-4e1b-a492-0111f71e069e,Keyboard,6.0,,09/30/2024
23a97bfd-291a-4331-a85d-491748593ade,Monitor,5.0,530.89,01/14/2025
846e984a-3ce0-4eeb-910d-9ece09e085f0,Smartphone,9.0,339.93,08/20/2024
23bebe5e-f0c2-446b-92ff-21e2a8231222,Keyboard,1.0,96.42,07/01/2024
2e4182a5-a7c0-4d77-8a1a-bcb493d1b957,usb cable,5.0,14.94,04/08/2025
438a08eb-a994-4b60-8284-015d4e18ff27,,5.0,181.79,06/24/2024
4b0a1fa4-8930-49b7-9fa1-8b1135e46c29,Keyboard,10.0,113.96,10/08/2024
